{"type":"FeatureCollection","bbox":[68.16983,6.85145,97.42472,37.0363],"features":[{"type":"Feature","properties":{"source":"STATE_BOUNDARY","record":1,"part":15},"geometry":{"type":"Polygon","coordinates":[[[93.84576,7.33609],[93.8783,7.30057],[93.8894,7.18626],[93.95302,7.09852],[93.91825,7.09645],[93.94974,7.05175],[93.89983,6.99894],[93.90608,6.91175],[93.88433,6.89164],[93.85553,6.93312],[93.83079,6.85145],[93.78515,6.97836],[93.73997,7.01951],[93.72386,7.08675],[93.74208,7.07234],[93.74591,7.09714],[93.74134,7.07232],[93.70423,7.08919],[93.70833,7.12234],[93.66324,7.1026],[93.65261,7.1972],[93.6755,7.20905],[93.6514,7.22363],[93.68457,7.28898],[93.84576,7.33609]]]}},{"type":"Feature","properties":{"source":"STATE_BOUNDARY","record":1,"part":23},"geometry":{"type":"Polygon","coordinates":[[[93.70774,7.54175],[93.75212,7.45634],[93.64402,7.33845],[93.6153,7.40572],[93.62765,7.46908],[93.71007,7.48833],[93.70774,7.54175]]]}},{"type":"Feature","properties":{"source":"STATE_BOUNDARY","record":1,"part":40},"geometry":{"type":"Polygon","coordinates":[[[93.37755,8.11433],[93.46004,8.03062],[93.4626,7.96418],[93.42009,7.99846],[93.37604,7.96938],[93.34306,7.99172],[93.3499,8.03814],[93.31592,8.02522],[93.32804,8.09829],[93.37755,8.11433]]]}},{"type":"Feature","properties":{"source":"STATE_BOUNDARY","record":1,"part":44},"geometry":{"type":"Polygon","coordinates":[[[93.54904,8.11922],[93.58152,8.08521],[93.57763,8.01966],[93.50288,8.08423],[93.53026,8.11696],[93.55196,8.08236],[93.54904,8.11922]]]}},{"type":"Feature","properties":{"source":"STATE_BOUNDARY","record":1,"part":50},"geometry":{"type":"Polygon","coordinates":[[[93.58417,8.20937],[93.59298,8.12878],[93.56108,8.21028],[93.58417,8.20937]]]}},{"type":"Feature","properties":{"source":"STATE_BOUNDARY","record":1,"part":67},"geometry":{"type":"Polygon","coordinates":[[[93.5215,8.32455],[93.54473,8.2921],[93.50096,8.23621],[93.54899,8.12686],[93.50662,8.12665],[93.49925,8.08941],[93.48401,8.13677],[93.50728,8.12876],[93.52934,8.17083],[93.48391,8.14352],[93.49603,8.18543],[93.46693,8.19243],[93.44561,8.26028],[93.5215,8.32455]]]}},{"type":"Feature","properties":{"source":"STATE_BOUNDARY","record":1,"part":71},"geometry":{"type":"Polygon","coordinates":[[[93.12518,8.44527],[93.12768,8.36208],[93.19889,8.28587],[93.11957,8.31322],[93.08377,8.36274],[93.09286,8.42966],[93.12518,8.44527]]]}},{"type":"Feature","properties":{"source":"STATE_BOUNDARY","record":1,"part":189},"geometry":{"type":"Polygon","coordinates":[[[93.61418,8.66111],[93.64062,8.55577],[93.62127,8.51156],[93.61418,8.66111]]]}},{"type":"Feature","properties":{"source":"STATE_BOUNDARY","record":1,"part":194},"geometry":{"type":"Polygon","coordinates":[[[92.79382,9.3283],[92.83511,9.22278],[92.73507,9.20893],[92.7255,9.29804],[92.79382,9.3283]]]}},{"type":"Feature","properties":{"source":"STATE_BOUNDARY","record":1,"part":195},"geometry":{"type":"Polygon","coordinates":[[[92.52606,10.974],[92.5702,10.93557],[92.55931,10.87727],[92.59488,10.86196],[92.60584,10.75369],[92.54621,10.68981],[92.57761,10.65392],[92.52094,10.58638],[92.44268,10.62422],[92.39525,10.60695],[92.42674,10.6907],[92.38897,10.74485],[92.38068,10.85663],[92.4067,10.81831],[92.42696,10.84652],[92.40325,10.86018],[92.46216,10.94024],[92.50422,10.97024],[92.51873,10.94515],[92.48449,10.93521],[92.51567,10.93622],[92.52606,10.974]]]}},{"type":"Feature","properties":{"source":"STATE_BOUNDARY","record":1,"part":223},"geometry":{"type":"Polygon","coordinates":[[[92.644,11.58533],[92.69241,11.50598],[92.64151,11.47382],[92.69848,11.4448],[92.60542,11.41548],[92.59349,11.47012],[92.62957,11.47455],[92.644,11.58533]]]}},{"type":"Feature","properties":{"source":"STATE_BOUNDARY","record":1,"part":252},"geometry":{"type":"Polygon","coordinates":[[[92.22766,11.66348],[92.27688,11.65423],[92.26769,11.58667],[92.21788,11.60016],[92.22766,11.66348]]]}},{"type":"Feature","properties":{"source":"STATE_BOUNDARY","record":1,"part":268},"geometry":{"type":"Polygon","coordinates":[[[92.54791,11.67391],[92.57934,11.65678],[92.53456,11.62289],[92.54791,11.67391]]]}},{"type":"Feature","properties":{"source":"STATE_BOUNDARY","record":1,"part":289},"geometry":{"type":"Polygon","coordinates":[[[93.02028,11.91901],[93.07961,11.90159],[93.05037,11.87749],[93.02028,11.91901]]]}},{"type":"Feature","properties":{"source":"STATE_BOUNDARY","record":1,"part":318},"geometry":{"type":"Polygon","coordinates":[[[92.75454,12.12102],[92.7901,12.11473],[92.7856,12.09047],[92.73717,12.10316],[92.75454,12.12102]]]}},{"type":"Feature","properties":{"source":"STATE_BOUNDARY","record":1,"part":320},"geometry":{"type":"Polygon","coordinates":[[[92.97203,12.11626],[92.98284,12.08263],[92.98099,12.10937],[93.02284,12.09361],[93.05217,11.95089],[93.00037,12.00139],[93.01498,12.02495],[92.98311,12.01235],[92.93094,12.06493],[92.97203,12.11626]]]}},{"type":"Feature","properties":{"source":"STATE_BOUNDARY","record":1,"part":342},"geometry":{"type":"Polygon","coordinates":[[[92.99801,12.1756],[93.00218,12.10989],[92.96446,12.13911],[92.96591,12.17437],[92.99801,12.1756]]]}},{"type":"Feature","properties":{"source":"STATE_BOUNDARY","record":1,"part":364},"geometry":{"type":"Polygon","coordinates":[[[92.99879,12.22392],[93.00902,12.17677],[92.96227,12.2014],[92.99879,12.22392]]]}},{"type":"Feature","properties":{"source":"STATE_BOUNDARY","record":1,"part":370},"geometry":{"type":"Polygon","coordinates":[[[93.0365,12.23206],[93.05151,12.10886],[93.00339,12.19735],[93.0365,12.23206]]]}},{"type":"Feature","properties":{"source":"STATE_BOUNDARY","record":1,"part":375},"geometry":{"type":"Polygon","coordinates":[[[92.70413,12.30398],[92.71711,12.2134],[92.72724,12.24512],[92.7646,12.2411],[92.74604,12.12337],[92.70467,12.10645],[92.73522,12.12049],[92.73301,12.08961],[92.77834,12.06419],[92.72976,12.05961],[92.71754,11.88796],[92.66236,11.90081],[92.69976,11.88128],[92.68556,11.84539],[92.70535,11.88013],[92.71365,11.86043],[92.75788,12.00343],[92.7909,12.00378],[92.79788,11.95263],[92.76233,11.76894],[92.69006,11.78231],[92.71557,11.73899],[92.66796,11.72082],[92.69423,11.67188],[92.72223,11.74687],[92.76387,11.73356],[92.71807,11.54703],[92.653,11.59191],[92.65406,11.64148],[92.62426,11.63257],[92.60962,11.67751],[92.65251,11.70397],[92.60548,11.7177],[92.59907,11.80636],[92.56581,11.76065],[92.55277,11.91078],[92.53156,11.87503],[92.51339,11.89207],[92.57184,12.0176],[92.61806,11.91472],[92.62816,11.99798],[92.60042,11.98548],[92.62986,12.16727],[92.66823,12.28013],[92.66069,12.24648],[92.6818,12.28296],[92.68364,12.2524],[92.70413,12.30398]]]}},{"type":"Feature","properties":{"source":"STATE_BOUNDARY","record":1,"part":377},"geometry":{"type":"Polygon","coordinates":[[[92.74272,12.30463],[92.77086,12.24716],[92.73035,12.25367],[92.74272,12.30463]]]}},{"type":"Feature","properties":{"source":"STATE_BOUNDARY","record":1,"part":378},"geometry":{"type":"Polygon","coordinates":[[[93.09041,12.14483],[93.04334,12.19777],[93.07722,12.27742],[93.1097,12.19446],[93.09041,12.14483]]]}},{"type":"Feature","properties":{"source":"STATE_BOUNDARY","record":1,"part":406},"geometry":{"type":"Polygon","coordinates":[[[92.90866,12.32897],[92.92151,12.28623],[92.88547,12.27452],[92.87766,12.30985],[92.90866,12.32897]]]}},{"type":"Feature","properties":{"source":"STATE_BOUNDARY","record":1,"part":414},"geometry":{"type":"Polygon","coordinates":[[[93.11245,12.32889],[93.10823,12.26568],[93.10594,12.30384],[93.0699,12.29852],[93.11245,12.32889]]]}},{"type":"Feature","properties":{"source":"STATE_BOUNDARY","record":1,"part":422},"geometry":{"type":"Polygon","coordinates":[[[92.81841,12.37755],[92.86172,12.34601],[92.8802,12.36637],[92.89925,12.33131],[92.86583,12.3095],[92.89084,12.26296],[92.81055,12.29772],[92.84842,12.28425],[92.8628,12.22729],[92.80902,12.23604],[92.83487,12.22168],[92.80942,12.19768],[92.82605,12.17898],[92.77134,12.12933],[92.77126,12.1655],[92.7551,12.14016],[92.74565,12.16344],[92.77872,12.3066],[92.74903,12.31038],[92.7956,12.34503],[92.77869,12.37761],[92.81841,12.37755]]]}},{"type":"Feature","properties":{"source":"STATE_BOUNDARY","record":1,"part":424},"geometry":{"type":"Polygon","coordinates":[[[92.9415,12.37561],[92.93016,12.29437],[92.90891,12.35298],[92.93555,12.34289],[92.9415,12.37561]]]}},{"type":"Feature","properties":{"source":"STATE_BOUNDARY","record":1,"part":434},"geometry":{"type":"Polygon","coordinates":[[[92.89552,12.47209],[92.89025,12.43793],[92.85187,12.4594],[92.89552,12.47209]]]}},{"type":"Feature","properties":{"source":"STATE_BOUNDARY","record":1,"part":508},"geometry":{"type":"Polygon","coordinates":[[[92.90551,12.98771],[92.9492,12.91732],[92.93245,12.86273],[92.95716,12.89962],[92.93445,12.83621],[92.98811,12.7716],[92.96474,12.68693],[92.93775,12.67969],[92.96684,12.68235],[92.97687,12.56014],[92.9298,12.52938],[92.9223,12.56349],[92.91579,12.53088],[92.96587,12.53633],[92.92039,12.51433],[92.91878,12.46942],[92.89684,12.52744],[92.8916,12.50627],[92.8884,12.53496],[92.87676,12.50995],[92.85116,12.53441],[92.86312,12.57317],[92.82375,12.55036],[92.90516,12.47991],[92.8232,12.51846],[92.80378,12.50173],[92.79454,12.54746],[92.79517,12.50094],[92.8419,12.47449],[92.80707,12.46487],[92.84636,12.47265],[92.83102,12.43844],[92.85029,12.45591],[92.90696,12.39823],[92.85586,12.40789],[92.86809,12.38371],[92.8394,12.36733],[92.77835,12.39823],[92.76071,12.36079],[92.75708,12.4299],[92.72736,12.36502],[92.703,12.46448],[92.71526,12.65691],[92.69186,12.67187],[92.72614,12.70694],[92.75557,12.68321],[92.74073,12.71964],[92.78108,12.73284],[92.78686,12.64297],[92.79764,12.78758],[92.76953,12.78494],[92.78975,12.79576],[92.77732,12.73553],[92.73986,12.73503],[92.72998,12.88675],[92.74565,12.86603],[92.74704,12.89847],[92.77347,12.88039],[92.78064,12.90398],[92.79177,12.82404],[92.79874,12.95107],[92.86187,12.93832],[92.83638,12.87166],[92.90551,12.98771]]]}},{"type":"Feature","properties":{"source":"STATE_BOUNDARY","record":1,"part":527},"geometry":{"type":"Polygon","coordinates":[[[92.70271,13.05188],[92.72716,13.04155],[92.72662,12.93606],[92.67896,12.89907],[92.67515,12.84437],[92.65472,12.92331],[92.70271,13.05188]]]}},{"type":"Feature","properties":{"source":"STATE_BOUNDARY","record":1,"part":538},"geometry":{"type":"Polygon","coordinates":[[[93.01545,13.05965],[92.99015,12.9929],[92.96126,12.99513],[92.96589,13.05002],[92.98007,13.0309],[93.01545,13.05965]]]}},{"type":"Feature","properties":{"source":"STATE_BOUNDARY","record":1,"part":542},"geometry":{"type":"Polygon","coordinates":[[[92.93788,13.08567],[92.94965,13.05467],[92.92151,13.07138],[92.93788,13.08567]]]}},{"type":"Feature","properties":{"source":"STATE_BOUNDARY","record":1,"part":645},"geometry":{"type":"Polygon","coordinates":[[[93.06816,13.42736],[93.09622,13.40443],[93.0862,13.35498],[93.04653,13.38076],[93.06816,13.42736]]]}},{"type":"Feature","properties":{"source":"STATE_BOUNDARY","record":1,"part":673},"geometry":{"type":"Polygon","coordinates":[[[92.83652,13.26968],[92.85843,13.29767],[92.87113,13.24419],[92.84702,13.3049],[92.87842,13.31723],[92.81908,13.32968],[92.84882,13.35987],[92.83801,13.42736],[92.86237,13.4175],[92.87776,13.44881],[92.85007,13.46767],[92.87851,13.47198],[92.89374,13.42549],[92.89379,13.45613],[92.93282,13.44834],[92.88253,13.46013],[92.88124,13.49422],[92.90703,13.48667],[92.87689,13.53164],[92.93296,13.55641],[92.92843,13.51277],[92.92131,13.56977],[92.95325,13.57744],[92.92161,13.59237],[92.9733,13.60716],[92.99867,13.57525],[92.99019,13.6265],[93.01863,13.60585],[93.03546,13.6364],[93.0513,13.56235],[93.01322,13.52098],[93.04473,13.49911],[92.99719,13.48532],[93.06921,13.47941],[93.07664,13.45472],[92.98772,13.43811],[93.04245,13.43262],[93.03956,13.4023],[92.95347,13.40939],[92.9565,13.37594],[93.00507,13.37347],[92.98194,13.34068],[93.01063,13.36255],[93.05183,13.31321],[93.07394,13.33261],[93.038,13.12725],[92.9677,13.07461],[92.94124,13.10245],[92.96479,13.12571],[92.94928,13.20512],[92.93063,13.11363],[92.88101,13.20866],[92.92017,13.12686],[92.8938,13.10556],[92.86603,13.13989],[92.85158,13.11106],[92.92333,13.11505],[92.90229,13.07151],[92.94729,13.02894],[92.91849,13.0061],[92.89407,13.06771],[92.87845,12.99616],[92.848,13.01068],[92.88073,12.94469],[92.81008,12.95992],[92.80207,13.04799],[92.84997,13.0519],[92.84512,13.0834],[92.79591,13.0799],[92.80081,13.1519],[92.8221,13.13235],[92.83734,13.16874],[92.81645,13.18699],[92.85522,13.17792],[92.85643,13.20979],[92.8159,13.21334],[92.85718,13.22062],[92.82402,13.24285],[92.83652,13.26968]]]}},{"type":"Feature","properties":{"source":"STATE_BOUNDARY","record":1,"part":690},"geometry":{"type":"Polygon","coordinates":[[[93.02361,13.73338],[93.02788,13.67887],[92.97942,13.70625],[93.02361,13.73338]]]}},{"type":"Feature","properties":{"source":"STATE_BOUNDARY","record":2,"part":0},"geometry":{"type":"Polygon","coordinates":[[[84.11185,27.50456],[84.15419,27.50013],[84.15194,27.4695],[84.20828,27.45409],[84.21178,27.42639],[84.25714,27.43778],[84.29529,27.36885],[84.62502,27.32118],[84.69432,27.19962],[84.64653,27.0317],[84.7968,26.98162],[84.82866,27.00658],[84.89488,26.95557],[84.96593,26.94647],[84.97142,26.90229],[85.06462,26.87286],[85.02736,26.8408],[85.19435,26.85617],[85.18023,26.79624],[85.21455,26.74528],[85.33811,26.7286],[85.63836,26.85854],[85.73835,26.78255],[85.73805,26.6381],[85.8552,26.5962],[85.85315,26.55671],[86.03165,26.65404],[86.22187,26.57609],[86.33716,26.60661],[86.54596,26.52656],[86.57468,26.48459],[86.73593,26.41098],[86.77105,26.44763],[86.83837,26.42738],[86.89887,26.4501],[86.93683,26.50488],[87.02009,26.5199],[87.07659,26.57342],[87.09643,26.43852],[87.16738,26.39233],[87.26594,26.39768],[87.27091,26.36245],[87.34603,26.33621],[87.37385,26.39635],[87.4688,26.42778],[87.61553,26.36931],[87.68273,26.42374],[87.76999,26.39828],[87.79476,26.45755],[87.85411,26.42473],[87.89361,26.4748],[87.93228,26.40616],[88.03591,26.35352],[88.10143,26.42824],[88.10353,26.52575],[88.13553,26.50392],[88.23103,26.54445],[88.1854,26.47567],[88.2299,26.47],[88.27515,26.40878],[88.23776,26.36812],[88.29911,26.33947],[88.07727,26.16368],[87.98026,26.133],[87.99099,26.06759],[87.95084,26.05077],[87.93337,26.07297],[87.8612,26.0261],[87.8437,25.92211],[87.81261,25.92048],[87.83508,25.86155],[87.92,25.84492],[87.89333,25.82175],[87.92119,25.80755],[87.90947,25.76249],[88.05404,25.6888],[88.06066,25.62981],[88.02564,25.58336],[88.07878,25.47702],[87.93303,25.52966],[87.83002,25.43089],[87.79247,25.44328],[87.77107,25.37846],[87.86669,25.2751],[87.83253,25.22919],[87.7165,25.25144],[87.69723,25.30508],[87.61706,25.3062],[87.58896,25.34255],[87.54776,25.27463],[87.49111,25.29088],[87.4828,25.18825],[87.33219,25.21759],[87.30027,25.08315],[87.21911,25.08584],[87.151,25.01496],[87.16032,24.88062],[87.07905,24.81577],[87.10047,24.79871],[87.05533,24.60572],[86.94221,24.64691],[86.91918,24.53947],[86.88509,24.56931],[86.80768,24.56745],[86.79353,24.61559],[86.67468,24.56204],[86.60769,24.60533],[86.5139,24.51956],[86.44919,24.36595],[86.35412,24.44513],[86.28019,24.46345],[86.32742,24.58385],[86.26338,24.57577],[86.21844,24.61072],[86.18459,24.58076],[86.1294,24.60843],[86.13244,24.69517],[86.09479,24.74229],[86.04111,24.73744],[86.05914,24.77582],[85.94836,24.72993],[85.87115,24.80026],[85.74056,24.817],[85.71206,24.72231],[85.65298,24.68136],[85.67116,24.576],[85.58448,24.59769],[85.52764,24.51867],[85.37435,24.55258],[85.39552,24.5277],[85.29161,24.52065],[85.22932,24.46081],[85.16419,24.45804],[85.17735,24.41851],[85.09243,24.37063],[85.0844,24.43087],[84.9782,24.37283],[84.90709,24.37038],[84.89053,24.46097],[84.84332,24.44993],[84.84216,24.51006],[84.80509,24.52811],[84.68844,24.45286],[84.66817,24.38892],[84.57123,24.4074],[84.49889,24.28463],[84.50828,24.32967],[84.42734,24.32818],[84.43406,24.35474],[84.34451,24.39158],[84.30023,24.44716],[84.33041,24.48991],[84.2997,24.5578],[84.25963,24.52427],[84.19002,24.55019],[84.17252,24.50083],[84.14704,24.53559],[84.11354,24.47437],[84.05472,24.60691],[84.01046,24.63972],[83.93875,24.5464],[83.87572,24.52912],[83.72304,24.50096],[83.50563,24.52276],[83.55034,24.62021],[83.50282,24.64805],[83.52273,24.67417],[83.49167,24.73271],[83.39531,24.77889],[83.35205,25.00432],[83.32243,25.01229],[83.36962,25.11974],[83.35949,25.19382],[83.54228,25.30939],[83.65124,25.33276],[83.70416,25.38938],[83.7715,25.37962],[83.84893,25.42739],[83.81911,25.45566],[84.08401,25.62838],[84.07789,25.68707],[84.10781,25.71289],[84.15746,25.72088],[84.20883,25.66138],[84.27973,25.65237],[84.32724,25.66294],[84.33925,25.7358],[84.39465,25.73672],[84.40969,25.6902],[84.4565,25.70603],[84.50235,25.66657],[84.54248,25.71837],[84.56049,25.67138],[84.56334,25.72849],[84.63776,25.71958],[84.60604,25.75341],[84.62768,25.78351],[84.53356,25.82276],[84.53702,25.86731],[84.43053,25.88211],[84.35688,25.94934],[84.2998,25.9358],[84.2099,25.9902],[84.17283,25.9781],[84.17526,26.01486],[84.12054,26.06998],[84.0587,26.0899],[84.01208,26.16514],[84.04196,26.19845],[84.01501,26.22169],[84.08916,26.2081],[84.12446,26.24803],[84.16901,26.23019],[84.17925,26.35992],[84.08191,26.3711],[84.01954,26.43585],[83.91049,26.43559],[83.91072,26.50705],[84.05085,26.52429],[84.08925,26.62656],[84.28421,26.58719],[84.42269,26.61428],[84.41339,26.65752],[84.33298,26.67131],[84.30877,26.7364],[84.24353,26.72568],[84.25697,26.84302],[84.22234,26.85795],[84.16891,26.8203],[84.14921,26.87172],[84.06301,26.87439],[84.03486,26.92723],[84.05224,27.02885],[84.00277,27.05405],[84.03306,27.08296],[83.94914,27.07619],[83.99689,27.16016],[83.90772,27.24223],[83.93513,27.29576],[83.83917,27.30654],[83.88588,27.35833],[83.83571,27.40895],[83.84987,27.42941],[84.02966,27.41737],[84.11185,27.50456]]]}},{"type":"Feature","properties":{"source":"STATE_BOUNDARY","record":3,"part":0},"geometry":{"type":"Polygon","coordinates":[[[76.7701,30.76384],[76.84604,30.70025],[76.80656,30.63752],[76.73706,30.66295],[76.7029,30.71282],[76.7701,30.76384]]]}},{"type":"Feature","properties":{"source":"STATE_BOUNDARY","record":4,"part":0},"geometry":{"type":"Polygon","coordinates":[[[83.34825,24.09694],[83.43453,24.08554],[83.45518,24.04176],[83.51828,24.02681],[83.5558,23.89855],[83.58814,23.88694],[83.57356,23.8628],[83.7078,23.82162],[83.74855,23.72086],[83.72533,23.6874],[83.77498,23.6128],[83.9403,23.5711],[83.93451,23.62227],[84.01925,23.63616],[84.03072,23.54783],[83.96963,23.3906],[84.00745,23.3572],[84.05351,23.37785],[84.07751,23.33641],[84.04013,23.14414],[84.13619,23.08764],[84.15198,22.97082],[84.18856,23.03192],[84.22196,22.9842],[84.37821,22.98197],[84.3834,22.88226],[84.32707,22.85666],[84.29022,22.77018],[84.23405,22.74625],[84.2269,22.67653],[84.0867,22.64492],[84.01214,22.58019],[84.01497,22.5349],[83.97727,22.51934],[84.04991,22.47689],[84.01293,22.37976],[83.8668,22.3516],[83.76022,22.24919],[83.6939,22.25296],[83.62964,22.21282],[83.56415,22.1085],[83.60879,22.07634],[83.53904,22.05335],[83.54133,21.97626],[83.60829,21.92466],[83.57655,21.88585],[83.59324,21.86197],[83.53418,21.84193],[83.54336,21.81045],[83.49519,21.8294],[83.47167,21.79876],[83.4916,21.75681],[83.42093,21.69241],[83.49189,21.64348],[83.45837,21.62212],[83.4449,21.66729],[83.3849,21.6322],[83.34006,21.51479],[83.40911,21.36511],[83.27086,21.39193],[83.28074,21.30312],[83.22506,21.2797],[83.19463,21.15411],[83.07982,21.1267],[82.99227,21.15446],[83.00572,21.18139],[82.96687,21.20759],[82.88406,21.16299],[82.64233,21.1694],[82.65163,21.12125],[82.61369,21.08964],[82.63051,21.05318],[82.49036,20.92523],[82.46609,20.84525],[82.35272,20.90567],[82.34324,20.78433],[82.37804,20.64971],[82.33375,20.57958],[82.43945,20.45275],[82.40194,20.36043],[82.43939,20.31351],[82.38735,20.16634],[82.39985,20.07856],[82.59741,20.01231],[82.71721,20.01664],[82.72155,19.87831],[82.59349,19.79777],[82.59881,19.89407],[82.44758,19.93137],[82.34547,19.85667],[82.23857,20.024],[82.18567,20.00497],[82.07181,20.07734],[82.03388,20.03633],[81.94764,20.12526],[81.87719,20.07248],[81.85436,19.93962],[81.96941,19.88135],[81.98723,19.82286],[82.06688,19.81249],[82.03039,19.53111],[82.10161,19.53991],[82.12751,19.45288],[82.19086,19.45133],[82.18024,19.40312],[82.14912,19.39593],[82.19554,19.35029],[82.15982,19.28986],[82.18755,19.19158],[82.16749,19.15812],[82.21985,19.12288],[82.20367,19.09242],[82.2475,18.9457],[82.17755,18.92935],[82.16683,18.82588],[82.09293,18.79317],[82.08632,18.7463],[81.97225,18.72645],[81.9502,18.67183],[81.89499,18.6855],[81.9649,18.61886],[81.91192,18.59916],[81.91024,18.56677],[81.77001,18.44647],[81.75118,18.38249],[81.66021,18.37633],[81.6633,18.35114],[81.52622,18.28797],[81.4839,18.00865],[81.44556,17.9181],[81.40016,17.92423],[81.39346,17.82703],[81.16688,17.89011],[81.07395,17.81936],[81.01966,17.82372],[80.94987,18.11411],[80.97966,18.20614],[80.86723,18.16787],[80.87317,18.24111],[80.83726,18.26929],[80.79963,18.19894],[80.74544,18.20108],[80.73768,18.25256],[80.79466,18.28989],[80.7492,18.33891],[80.73535,18.44225],[80.51499,18.64759],[80.34653,18.62367],[80.24458,18.78539],[80.35297,18.84614],[80.27105,18.96497],[80.27315,19.01764],[80.32988,19.09588],[80.33329,19.17088],[80.3941,19.21292],[80.39384,19.26982],[80.44631,19.28888],[80.48281,19.36244],[80.57344,19.42641],[80.61294,19.33397],[80.68034,19.35467],[80.69014,19.31156],[80.75622,19.31384],[80.8534,19.38806],[80.79636,19.45605],[80.8742,19.4687],[80.89826,19.50397],[80.89554,19.54293],[80.85676,19.54629],[80.83613,19.58941],[80.66576,19.63469],[80.67265,19.72304],[80.55296,19.78753],[80.54666,19.83995],[80.48089,19.84914],[80.48935,19.79236],[80.40196,19.81801],[80.50615,19.89205],[80.49174,19.92325],[80.41415,19.92865],[80.41152,19.95953],[80.53024,19.9605],[80.55717,20.09219],[80.55243,20.13803],[80.50592,20.16436],[80.40208,20.16715],[80.42233,20.22639],[80.39552,20.26439],[80.51915,20.28543],[80.54993,20.328],[80.62676,20.35154],[80.59187,20.41166],[80.63227,20.61589],[80.52127,20.59806],[80.49447,20.62992],[80.58803,20.70173],[80.55202,20.78064],[80.54641,20.95071],[80.464,20.94493],[80.42454,21.02381],[80.45294,21.05398],[80.46436,21.18907],[80.61418,21.24072],[80.68001,21.31261],[80.66048,21.34767],[80.73824,21.48598],[80.72662,21.72527],[80.75649,21.77342],[80.82028,21.75945],[80.85387,21.88335],[80.82604,21.96875],[80.85323,21.96764],[80.90853,22.11912],[80.9482,22.12777],[80.97004,22.06781],[81.00686,22.07299],[80.97879,22.1296],[81.02258,22.14216],[81.02013,22.23016],[81.11945,22.29987],[81.11189,22.44543],[81.17346,22.49551],[81.233,22.45994],[81.28211,22.51048],[81.31459,22.49055],[81.3274,22.53355],[81.38296,22.51731],[81.40763,22.44879],[81.52323,22.54635],[81.62301,22.54536],[81.68442,22.65369],[81.77354,22.67488],[81.75475,22.73489],[81.79557,22.77264],[81.76251,22.83614],[81.77685,22.88006],[81.86285,22.89481],[81.94759,22.96199],[81.92277,23.0456],[81.94353,23.08356],[82.03553,23.08463],[82.07359,23.12272],[82.12365,23.10827],[82.16279,23.14738],[82.14669,23.23056],[82.19483,23.28155],[82.19541,23.3272],[82.11854,23.35866],[82.1048,23.40122],[82.05736,23.37988],[82.02323,23.39036],[82.02681,23.42773],[81.98665,23.4174],[81.92456,23.53497],[81.83764,23.51333],[81.74779,23.57193],[81.63836,23.49289],[81.61339,23.51264],[81.57773,23.5874],[81.61304,23.59726],[81.61563,23.66458],[81.65627,23.6648],[81.69703,23.7227],[81.60424,23.85443],[81.61008,23.90368],[81.66969,23.92533],[81.72662,23.84061],[81.79231,23.81028],[81.93021,23.87135],[82.01015,23.86176],[82.05494,23.81927],[82.1729,23.81913],[82.21325,23.85273],[82.23329,23.80627],[82.47089,23.81198],[82.52614,23.7848],[82.55317,23.79167],[82.53475,23.82302],[82.66223,23.85585],[82.66336,23.90809],[82.75421,23.92017],[82.80286,23.96114],[82.94983,23.87204],[83.14357,23.88547],[83.21005,23.92177],[83.22575,23.9867],[83.28129,24.01817],[83.32366,24.10548],[83.34825,24.09694]]]}},{"type":"Feature","properties":{"source":"STATE_BOUNDARY","record":5,"part":1},"geometry":{"type":"Polygon","coordinates":[[[73.0925,20.37862],[73.09833,20.32077],[73.14634,20.33725],[73.16187,20.30695],[73.05915,20.24715],[73.05574,20.18164],[73.1112,20.17197],[73.13308,20.22709],[73.21332,20.20555],[73.18096,20.17562],[73.2095,20.13897],[73.18651,20.06995],[73.0592,20.11967],[73.03569,20.0867],[72.99468,20.16242],[72.96594,20.1356],[72.96139,20.24428],[72.90712,20.28942],[72.93112,20.31365],[72.96663,20.28823],[73.00161,20.33173],[73.02977,20.31068],[73.0925,20.37862]]]}},{"type":"Feature","properties":{"source":"STATE_BOUNDARY","record":5,"part":3},"geometry":{"type":"Polygon","coordinates":[[[72.86333,20.48149],[72.89071,20.46254],[72.85262,20.43729],[72.89944,20.43336],[72.89154,20.39765],[72.79993,20.39088],[72.84162,20.49608],[72.86333,20.48149]]]}},{"type":"Feature","properties":{"source":"STATE_BOUNDARY","record":5,"part":4},"geometry":{"type":"Polygon","coordinates":[[[70.91946,20.7546],[71.00153,20.75413],[70.97109,20.7196],[70.90741,20.71632],[70.86619,20.73506],[70.91946,20.7546]]]}},{"type":"Feature","properties":{"source":"STATE_BOUNDARY","record":6,"part":0},"geometry":{"type":"Polygon","coordinates":[[[77.09719,28.84826],[77.14402,28.81564],[77.21233,28.83346],[77.20071,28.77038],[77.28967,28.68444],[77.32925,28.69136],[77.31443,28.61978],[77.3406,28.58759],[77.29525,28.54486],[77.3456,28.49748],[77.31227,28.46285],[77.24142,28.45808],[77.24829,28.40557],[77.21471,28.38929],[77.12663,28.42035],[77.09115,28.49321],[77.00461,28.5204],[77.00818,28.49345],[76.88332,28.4803],[76.84025,28.53523],[76.88572,28.61026],[76.94091,28.60661],[76.92286,28.62867],[76.96576,28.67794],[76.94627,28.79319],[77.09719,28.84826]]]}},{"type":"Feature","properties":{"source":"STATE_BOUNDARY","record":8,"part":5},"geometry":{"type":"Polygon","coordinates":[[[76.74183,25.34024],[76.75349,25.31635],[76.70892,25.33956],[76.74183,25.34024]]]}},{"type":"Feature","properties":{"source":"STATE_BOUNDARY","record":10,"part":0},"geometry":{"type":"Polygon","coordinates":[[[87.7971,25.24689],[87.84529,25.19557],[87.79589,25.21562],[87.7971,25.24689]]]}},{"type":"Feature","properties":{"source":"STATE_BOUNDARY","record":11,"part":5},"geometry":{"type":"Polygon","coordinates":[[[73.86385,15.82865],[73.87182,15.79575],[73.93489,15.78785],[73.98956,15.65592],[74.16073,15.69854],[74.17825,15.72709],[74.20147,15.69609],[74.24834,15.69935],[74.24156,15.61215],[74.27904,15.57717],[74.24728,15.53757],[74.3323,15.34258],[74.24754,15.30611],[74.31338,15.23402],[74.26904,15.14578],[74.2929,15.08982],[74.1979,14.97501],[74.15993,15.00757],[74.15845,14.9615],[74.0408,14.9654],[74.03729,15.04431],[73.909,15.132],[73.95269,15.18355],[73.8803,15.40004],[73.77977,15.45456],[73.78579,15.50994],[73.68549,15.76377],[73.78105,15.77074],[73.85182,15.84519],[73.86385,15.82865]]]}},{"type":"Feature","properties":{"source":"STATE_BOUNDARY","record":12,"part":36},"geometry":{"type":"Polygon","coordinates":[[[72.76286,21.66883],[72.8112,21.66468],[72.80786,21.63002],[72.69717,21.60422],[72.6374,21.54471],[72.57034,21.54478],[72.57531,21.59789],[72.6126,21.55936],[72.62178,21.64078],[72.76286,21.66883]]]}},{"type":"Feature","properties":{"source":"STATE_BOUNDARY","record":12,"part":66},"geometry":{"type":"Polygon","coordinates":[[[69.49769,22.44209],[69.55141,22.38415],[69.51191,22.38044],[69.49769,22.44209]]]}},{"type":"Feature","properties":{"source":"STATE_BOUNDARY","record":12,"part":69},"geometry":{"type":"Polygon","coordinates":[[[69.62211,22.46642],[69.65001,22.43468],[69.62969,22.41356],[69.58351,22.43844],[69.62211,22.46642]]]}},{"type":"Feature","properties":{"source":"STATE_BOUNDARY","record":12,"part":78},"geometry":{"type":"Polygon","coordinates":[[[69.13038,22.48368],[69.1376,22.45805],[69.10827,22.4743],[69.07728,22.4299],[69.08681,22.46845],[69.13038,22.48368]]]}},{"type":"Feature","properties":{"source":"STATE_BOUNDARY","record":12,"part":88},"geometry":{"type":"Polygon","coordinates":[[[69.92468,22.55088],[69.91204,22.52066],[69.857,22.53544],[69.92468,22.55088]]]}},{"type":"Feature","properties":{"source":"STATE_BOUNDARY","record":12,"part":96},"geometry":{"type":"Polygon","coordinates":[[[70.00538,22.59611],[70.01634,22.57234],[69.95318,22.55659],[70.00538,22.59611]]]}},{"type":"Feature","properties":{"source":"STATE_BOUNDARY","record":12,"part":111},"geometry":{"type":"Polygon","coordinates":[[[71.28011,24.61369],[71.34241,24.65758],[71.37206,24.62278],[71.52326,24.68124],[71.64981,24.63594],[71.78606,24.67391],[71.80044,24.62357],[71.84674,24.60627],[71.86634,24.67832],[71.93451,24.63059],[71.98296,24.65421],[71.9885,24.69156],[72.05604,24.70852],[72.08455,24.65537],[72.15959,24.61813],[72.34224,24.62528],[72.33048,24.59556],[72.24123,24.58264],[72.29031,24.54385],[72.34864,24.5609],[72.38351,24.50509],[72.43605,24.5127],[72.45223,24.41267],[72.49544,24.41491],[72.4882,24.45674],[72.53328,24.51704],[72.571,24.47641],[72.67849,24.46151],[72.72603,24.36242],[72.84501,24.37013],[72.90601,24.33547],[72.97045,24.36691],[72.94892,24.39032],[72.98634,24.47518],[73.03059,24.46149],[73.08328,24.49513],[73.09824,24.4308],[73.0719,24.39457],[73.14802,24.35203],[73.21475,24.36203],[73.16468,24.29875],[73.13088,24.30684],[73.06084,24.19286],[73.20814,24.0754],[73.18862,24.04072],[73.23831,24.00219],[73.31295,24.05287],[73.32258,24.10861],[73.35759,24.10407],[73.41646,23.93109],[73.35672,23.87325],[73.34744,23.79235],[73.50309,23.70444],[73.48946,23.63409],[73.51879,23.60878],[73.5684,23.65541],[73.65146,23.6231],[73.623,23.45124],[73.69323,23.4593],[73.71665,23.413],[73.7516,23.45697],[73.78217,23.43299],[73.82462,23.45037],[73.88789,23.33736],[73.93165,23.34295],[73.9535,23.38257],[74.03423,23.2969],[74.09668,23.29727],[74.12876,23.26979],[74.11759,23.18024],[74.17504,23.15148],[74.19739,23.19329],[74.237,23.1887],[74.34266,23.03012],[74.36175,22.98096],[74.33576,22.95807],[74.38971,22.90207],[74.45711,22.91226],[74.4724,22.85879],[74.43012,22.81382],[74.37536,22.64123],[74.25978,22.65072],[74.14682,22.52864],[74.07074,22.55862],[74.03397,22.54182],[74.02947,22.49743],[74.07863,22.51423],[74.07143,22.47196],[74.10028,22.47219],[74.11525,22.42666],[74.14536,22.46337],[74.1803,22.44932],[74.18958,22.48309],[74.19781,22.44233],[74.28743,22.40204],[74.20023,22.37488],[74.18652,22.32867],[74.124,22.34108],[74.1012,22.37996],[74.06087,22.36283],[74.06828,22.22808],[74.11847,22.22136],[74.12061,22.10746],[74.17483,22.09509],[74.08827,22.02481],[74.14676,21.99672],[74.14264,21.95706],[73.79189,21.83569],[73.88782,21.7038],[73.88402,21.6651],[73.77645,21.64057],[73.84954,21.51014],[74.16293,21.58134],[74.19205,21.54456],[74.29873,21.57868],[74.32745,21.56482],[74.31708,21.51117],[74.09686,21.46057],[74.05905,21.48734],[74.04073,21.43228],[73.93497,21.41818],[73.93822,21.31298],[73.81884,21.28472],[73.81173,21.18833],[73.736,21.1855],[73.71488,21.15431],[73.57323,21.18513],[73.6143,21.13311],[73.73968,21.12986],[73.72584,21.09729],[73.77627,21.07947],[73.8037,21.09973],[73.80469,21.04291],[73.89732,20.99769],[73.88422,20.94923],[73.93639,20.8556],[73.93872,20.75874],[73.80783,20.70896],[73.83439,20.63777],[73.7405,20.58252],[73.64856,20.58247],[73.59535,20.65412],[73.51628,20.69584],[73.485,20.67284],[73.4704,20.73715],[73.44492,20.73396],[73.38826,20.66227],[73.4894,20.55581],[73.37547,20.41201],[73.4142,20.34937],[73.41224,20.21785],[73.29548,20.22903],[73.24488,20.1423],[73.18334,20.14853],[73.21332,20.20555],[73.16386,20.22773],[73.12854,20.22528],[73.1112,20.17197],[73.05982,20.17842],[73.05546,20.24276],[73.16187,20.30695],[73.14634,20.33725],[73.09833,20.32077],[73.09132,20.38],[73.02977,20.31068],[73.00161,20.33173],[72.96663,20.28823],[72.93337,20.31342],[72.90779,20.29448],[72.95793,20.22914],[72.8541,20.24415],[72.81138,20.20407],[72.81982,20.16187],[72.7353,20.1547],[72.77412,20.35381],[72.89198,20.39844],[72.89944,20.43336],[72.85261,20.43814],[72.89071,20.46254],[72.85349,20.48375],[72.89327,20.6041],[72.77547,20.93683],[72.81569,20.96782],[72.74993,20.95425],[72.71741,21.0528],[72.73646,21.08933],[72.68002,21.0978],[72.66504,21.12969],[72.63674,21.09997],[72.61509,21.11548],[72.65256,21.23873],[72.59551,21.3036],[72.59634,21.40184],[72.68252,21.46532],[72.6083,21.41326],[72.57473,21.42694],[72.69806,21.53817],[72.74526,21.54001],[72.82377,21.66276],[72.95837,21.68576],[72.85724,21.69925],[72.79659,21.66949],[72.73333,21.7026],[72.60326,21.6997],[72.53867,21.6723],[72.52758,21.72959],[72.60234,21.76436],[72.58818,21.81595],[72.61852,21.89438],[72.68648,21.89322],[72.68711,21.9522],[72.74354,21.97766],[72.72046,22.00651],[72.70303,21.96367],[72.63517,21.96707],[72.54048,21.92147],[72.54298,21.9746],[72.521,21.9701],[72.53827,22.13571],[72.57609,22.20815],[72.64514,22.22438],[72.77795,22.16678],[72.77802,22.2019],[72.84911,22.24765],[72.84452,22.28356],[72.69416,22.2089],[72.61934,22.24273],[72.53884,22.23194],[72.29498,22.04321],[72.2638,21.98077],[72.20656,21.97228],[72.19909,21.90165],[72.23738,21.84071],[72.19772,21.83001],[72.30109,21.63797],[72.23028,21.46886],[72.10269,21.31613],[72.0775,21.25909],[72.10691,21.21283],[71.80774,21.08235],[71.80052,21.0531],[71.51113,20.96362],[71.43441,20.88544],[71.37431,20.89016],[71.06601,20.75121],[70.91359,20.75967],[70.81582,20.70821],[70.4315,20.86888],[70.17496,21.05106],[69.60917,21.63644],[69.20949,21.96765],[68.95098,22.24678],[68.9285,22.32013],[68.97724,22.42122],[69.06093,22.48882],[69.02829,22.39817],[69.10334,22.41775],[69.11403,22.38362],[69.16872,22.4307],[69.19383,22.40921],[69.16076,22.38125],[69.14104,22.20393],[69.1832,22.2523],[69.20574,22.21918],[69.24576,22.27498],[69.2768,22.26319],[69.32572,22.33606],[69.41624,22.32431],[69.53357,22.38519],[69.59083,22.35431],[69.64857,22.36765],[69.72394,22.49199],[69.72608,22.45049],[69.78301,22.42158],[69.78983,22.38573],[69.82614,22.45471],[69.86434,22.43073],[69.93324,22.49025],[69.97267,22.4757],[69.98108,22.51778],[70.0666,22.52511],[70.11372,22.4938],[70.11765,22.51993],[70.17827,22.52943],[70.17272,22.57456],[70.2571,22.66006],[70.27229,22.7315],[70.45604,22.83701],[70.52891,22.91735],[70.42635,22.97207],[70.53542,22.96463],[70.55548,23.0337],[70.76153,23.17104],[70.81001,23.16859],[70.82251,23.08437],[70.85219,23.13391],[70.82151,23.16148],[70.95326,23.19869],[70.85689,23.19624],[70.88711,23.22843],[70.82705,23.25349],[70.76158,23.24972],[70.72188,23.20967],[70.64463,23.22761],[70.64285,23.19592],[70.57275,23.18166],[70.49497,23.18206],[70.41844,23.2409],[70.29553,23.2274],[70.20231,23.16438],[70.1428,23.04164],[70.20436,23.07909],[70.21996,22.9569],[70.11461,22.96765],[70.14171,23.03947],[69.95563,22.89895],[69.65932,22.8033],[69.4114,22.81855],[69.46483,22.77971],[69.37423,22.8245],[69.18872,22.84365],[68.80778,23.08143],[68.75118,23.08472],[68.77625,23.12419],[68.73844,23.11425],[68.67531,23.1567],[68.66169,23.22188],[68.61348,23.20947],[68.71708,23.25863],[68.70606,23.32114],[68.67393,23.31506],[68.65302,23.35048],[68.64484,23.3064],[68.61286,23.3769],[68.53592,23.42287],[68.5387,23.4675],[68.5212,23.45243],[68.47598,23.55072],[68.50304,23.64104],[68.56039,23.68629],[68.54962,23.71782],[68.57968,23.70388],[68.64133,23.73998],[68.64428,23.79518],[68.70377,23.83079],[68.68522,23.84497],[68.57327,23.82165],[68.51941,23.74686],[68.41331,23.7343],[68.38125,23.5974],[68.27033,23.56168],[68.17678,23.58754],[68.19987,23.58798],[68.16983,23.62085],[68.20067,23.65217],[68.17475,23.65651],[68.19886,23.67029],[68.17383,23.72278],[68.19171,23.84762],[68.26797,23.92889],[68.32092,23.9225],[68.36122,23.98462],[68.74557,23.97124],[68.75724,24.29418],[68.80079,24.31185],[68.85743,24.21152],[68.93794,24.3008],[68.99803,24.22182],[69.08751,24.27294],[69.18658,24.23476],[69.30564,24.28003],[69.48703,24.26628],[69.58753,24.29078],[69.7244,24.17004],[70.01844,24.17027],[70.1033,24.29336],[70.56685,24.42014],[70.59622,24.40597],[70.55577,24.35257],[70.56497,24.25035],[70.79935,24.21963],[70.90122,24.25737],[70.86844,24.2929],[70.94166,24.3462],[71.03618,24.34939],[71.11594,24.40354],[71.09715,24.43343],[70.99258,24.44211],[70.98026,24.59241],[71.00347,24.63218],[71.09056,24.68522],[71.28011,24.61369]]]}},{"type":"Feature","properties":{"source":"STATE_BOUNDARY","record":12,"part":113},"geometry":{"type":"Polygon","coordinates":[[[72.95073,20.32945],[72.96628,20.31588],[72.97454,20.35107],[72.95073,20.32945]]]}},{"type":"Feature","properties":{"source":"STATE_BOUNDARY","record":13,"part":1},"geometry":{"type":"Polygon","coordinates":[[[76.8424,30.85858],[76.91474,30.87005],[76.94052,30.78704],[77.01045,30.77883],[77.01545,30.71332],[77.09152,30.71224],[77.15924,30.66104],[77.17182,30.57102],[77.11974,30.53356],[77.1931,30.49335],[77.21158,30.4394],[77.35175,30.43178],[77.40775,30.38102],[77.45726,30.42914],[77.42204,30.38198],[77.44355,30.36729],[77.49698,30.37706],[77.51808,30.41648],[77.60294,30.3388],[77.47879,30.15637],[77.42391,30.13037],[77.40137,30.08418],[77.42208,30.07568],[77.27591,30.01453],[77.27579,29.97312],[77.18382,29.88079],[77.17726,29.78632],[77.11783,29.73395],[77.1546,29.66673],[77.08195,29.56182],[77.12486,29.53415],[77.09438,29.49435],[77.15546,29.36272],[77.12132,29.34582],[77.15921,29.308],[77.13201,29.07263],[77.18719,29.00459],[77.2262,28.85873],[77.19355,28.86372],[77.20801,28.83535],[77.15581,28.81442],[77.08066,28.86103],[77.03821,28.80981],[76.94893,28.79599],[76.96576,28.67794],[76.92286,28.62867],[76.94091,28.60661],[76.88621,28.61055],[76.83673,28.55213],[76.88332,28.4803],[77.00818,28.49345],[77.00461,28.5204],[77.09146,28.49306],[77.17256,28.38425],[77.24743,28.40367],[77.24142,28.45808],[77.3433,28.49234],[77.47591,28.39857],[77.50312,28.34973],[77.46949,28.3147],[77.50537,28.2857],[77.49098,28.23222],[77.54875,28.22264],[77.52858,28.17908],[77.49526,28.18579],[77.54797,28.16031],[77.5004,28.14182],[77.51067,28.10564],[77.47263,28.06768],[77.54076,27.97048],[77.51704,27.94363],[77.54441,27.93946],[77.52762,27.90693],[77.47357,27.9109],[77.45919,27.85808],[77.41838,27.87226],[77.4201,27.83636],[77.34653,27.83752],[77.23986,27.76583],[77.20017,27.80587],[77.13327,27.75741],[77.04279,27.80311],[77.02456,27.76155],[77.08368,27.72058],[76.99806,27.71946],[76.97732,27.63646],[76.90945,27.63689],[76.88723,27.67982],[76.92264,27.68258],[76.89044,27.71484],[76.91149,27.81378],[76.94024,27.82464],[76.92852,27.97471],[76.96849,28.11916],[76.86601,28.20011],[76.80623,28.19128],[76.79263,28.12907],[76.65499,28.07024],[76.66589,27.9951],[76.54579,27.94533],[76.54147,28.01539],[76.45226,28.02347],[76.49886,28.04076],[76.44542,28.0699],[76.49666,28.08109],[76.47334,28.12927],[76.37926,28.11398],[76.28974,28.15976],[76.29506,28.12979],[76.35738,28.1057],[76.29892,28.07877],[76.35319,28.05175],[76.33988,28.01177],[76.29646,28.00394],[76.25842,28.04856],[76.17781,28.03561],[76.21223,28.00779],[76.15517,27.97036],[76.21476,27.79894],[76.17236,27.78029],[76.08623,27.84248],[76.04539,27.81703],[75.96864,27.83394],[75.98476,27.88591],[75.92959,27.91177],[75.96998,27.91429],[75.99721,27.959],[75.96306,27.96501],[75.99282,27.98819],[75.96999,28.00486],[76.01368,28.0117],[76.00556,28.03946],[76.0381,28.05506],[75.98168,28.0282],[75.9428,28.08802],[76.02908,28.14845],[76.0928,28.13153],[76.0134,28.21724],[76.02362,28.25516],[75.91546,28.3517],[75.77391,28.37995],[75.78542,28.4329],[75.6305,28.5234],[75.61872,28.58078],[75.55849,28.59188],[75.50019,28.76047],[75.51718,28.81171],[75.4703,28.90072],[75.50849,28.91932],[75.51893,28.98074],[75.4426,28.9853],[75.4387,29.03431],[75.3881,29.03948],[75.39901,29.10437],[75.36833,29.11453],[75.41124,29.16055],[75.40755,29.23141],[75.34665,29.19984],[75.31884,29.26529],[75.23513,29.20628],[75.18471,29.24407],[75.11627,29.19894],[75.07217,29.20573],[75.04661,29.26188],[74.95771,29.25641],[74.93481,29.33752],[74.84705,29.3789],[74.75861,29.32989],[74.65456,29.34741],[74.65084,29.30854],[74.59558,29.30308],[74.59921,29.34038],[74.53091,29.42284],[74.58095,29.43357],[74.6182,29.49706],[74.57125,29.53896],[74.61224,29.72613],[74.49936,29.71665],[74.46954,29.74386],[74.48085,29.7885],[74.55731,29.84316],[74.50601,29.88165],[74.5278,29.92273],[74.64712,29.87832],[74.70323,29.94993],[74.80789,29.96529],[74.89369,29.91279],[74.92321,29.92355],[74.98754,29.84122],[75.0666,29.85041],[75.09541,29.886],[75.09722,29.78072],[75.14766,29.7493],[75.16231,29.79961],[75.20701,29.80642],[75.23808,29.72437],[75.16427,29.64375],[75.23211,29.57755],[75.23209,29.51681],[75.30625,29.5355],[75.2925,29.59943],[75.33056,29.64767],[75.35698,29.63685],[75.34253,29.67011],[75.38897,29.6872],[75.45642,29.78117],[75.57694,29.71303],[75.63947,29.74888],[75.70349,29.72707],[75.71773,29.78717],[75.77593,29.79594],[75.83489,29.78665],[75.86741,29.7232],[76.04113,29.7166],[76.0954,29.78425],[76.12128,29.76464],[76.24123,29.82589],[76.16934,29.89945],[76.20757,29.91273],[76.21135,30.00447],[76.26273,30.07126],[76.19376,30.09583],[76.22168,30.09943],[76.20505,30.12923],[76.31923,30.06755],[76.35772,30.09255],[76.34797,30.11911],[76.39758,30.08907],[76.38469,30.14278],[76.42027,30.16434],[76.46011,30.07349],[76.54138,30.04685],[76.64143,30.12248],[76.61186,30.17648],[76.63311,30.14217],[76.65482,30.15924],[76.59398,30.22705],[76.54329,30.19751],[76.5543,30.23425],[76.6211,30.23636],[76.74384,30.321],[76.71058,30.36151],[76.7388,30.39738],[76.77207,30.41437],[76.81964,30.3839],[76.84461,30.40919],[76.89612,30.33025],[76.93656,30.35742],[76.89541,30.40822],[76.9299,30.49297],[76.88435,30.5205],[76.91403,30.52432],[76.92389,30.58049],[76.86905,30.61242],[76.87429,30.65065],[76.82935,30.63496],[76.85481,30.76444],[76.77512,30.86616],[76.8202,30.89771],[76.8424,30.85858]]]}},{"type":"Feature","properties":{"source":"STATE_BOUNDARY","record":14,"part":0},"geometry":{"type":"Polygon","coordinates":[[[74.53591,35.02927],[74.52683,35.00056],[74.58124,34.9726],[74.57315,34.86873],[74.86851,34.78528],[74.91499,34.74035],[75.06052,34.80215],[75.0606,34.86009],[75.09781,34.8739],[75.14078,34.80531],[75.25288,34.72917],[75.2549,34.65311],[75.20262,34.59949],[75.36228,34.49416],[75.32422,34.39616],[75.36905,34.36908],[75.40024,34.2416],[75.47165,34.23453],[75.49217,34.18949],[75.59024,34.1549],[75.68223,34.15676],[75.66488,34.10168],[75.73402,34.01659],[75.84012,33.96264],[75.81667,33.93018],[75.8353,33.91299],[76.02155,33.94007],[76.02976,33.87782],[76.12022,33.84731],[76.15867,33.76041],[76.26283,33.70514],[76.28203,33.6209],[76.22671,33.58899],[76.20277,33.52857],[76.22237,33.50704],[76.30718,33.53083],[76.30391,33.56879],[76.35608,33.56294],[76.41268,33.49856],[76.44629,33.52308],[76.57944,33.38566],[76.62659,33.39474],[76.65694,33.31682],[76.71543,33.28919],[76.73475,33.22156],[76.77715,33.19866],[76.74453,33.13917],[76.64208,33.12268],[76.55923,33.17018],[76.40137,33.14651],[76.28333,33.06341],[76.27029,32.9983],[76.10447,32.96742],[76.08026,32.91679],[75.94727,32.83467],[75.83417,32.88941],[75.7933,32.84605],[75.91889,32.70947],[75.88295,32.61481],[75.92786,32.5941],[75.83055,32.46664],[75.72627,32.41604],[75.71977,32.36914],[75.54721,32.31249],[75.52912,32.24184],[75.48595,32.30932],[75.42754,32.27893],[75.34602,32.30901],[75.3245,32.28994],[75.1864,32.38926],[75.12801,32.37238],[75.10323,32.43734],[75.02454,32.46028],[75.01581,32.42947],[74.94913,32.41087],[74.87369,32.45617],[74.6842,32.4501],[74.63529,32.5774],[74.69155,32.6239],[74.64975,32.65914],[74.70106,32.80388],[74.63676,32.78096],[74.65461,32.74978],[74.63049,32.7118],[74.50774,32.70778],[74.45552,32.74986],[74.35109,32.72919],[74.2994,32.79181],[73.99547,32.89698],[73.96041,32.94852],[73.82133,32.96534],[73.78607,32.92827],[73.73843,33.02726],[73.62856,33.05282],[73.66355,33.16248],[73.62907,33.16824],[73.56062,33.32629],[73.59155,33.39877],[73.6274,33.40735],[73.59756,33.45626],[73.63729,33.48798],[73.6074,33.56299],[73.56262,33.57689],[73.59862,33.67391],[73.55537,33.73992],[73.58831,33.852],[73.51187,33.95667],[73.47622,34.24628],[73.45207,34.23336],[73.39141,34.32819],[73.4436,34.52302],[73.55156,34.54569],[73.64576,34.51792],[73.69052,34.60571],[73.65455,34.62868],[73.72548,34.72748],[73.91505,34.76678],[73.96314,34.81879],[74.02567,34.83121],[74.06695,34.89022],[74.05509,34.94722],[74.10555,34.97055],[74.06251,35.00064],[74.09723,35.05335],[74.21102,35.04794],[74.26109,34.99525],[74.37797,35.02213],[74.43478,35.08418],[74.53591,35.02927]]]}},{"type":"Feature","properties":{"source":"STATE_BOUNDARY","record":15,"part":0},"geometry":{"type":"Polygon","coordinates":[[[87.58959,25.32692],[87.69723,25.30508],[87.7165,25.25144],[87.79056,25.24355],[87.77956,25.11581],[87.94584,24.98592],[87.96811,24.93238],[87.89659,24.85176],[87.90554,24.81997],[87.87437,24.82051],[87.87448,24.77114],[87.84262,24.76194],[87.84146,24.78625],[87.8216,24.75588],[87.91362,24.71799],[87.893,24.67656],[87.91941,24.63448],[87.88108,24.61211],[87.91855,24.59045],[87.85463,24.55102],[87.77639,24.58006],[87.81379,24.54391],[87.79933,24.49858],[87.83336,24.49607],[87.80629,24.38024],[87.71101,24.26005],[87.63945,24.24037],[87.70372,24.18679],[87.69953,24.1494],[87.58118,24.16039],[87.61528,24.13178],[87.56494,24.08147],[87.50259,24.11829],[87.51696,24.03556],[87.44327,24.01339],[87.46534,23.98382],[87.33303,23.99858],[87.34199,24.03405],[87.2502,24.04475],[87.29987,23.90273],[87.27397,23.87511],[87.24993,23.90857],[87.2435,23.8272],[87.22132,23.83245],[87.23848,23.85775],[87.13779,23.87075],[87.17177,23.82531],[87.1265,23.79757],[86.97786,23.86934],[86.94976,23.84756],[86.92014,23.88293],[86.8848,23.86293],[86.89486,23.82131],[86.87877,23.84798],[86.83106,23.81478],[86.80927,23.83758],[86.83289,23.7613],[86.80354,23.69049],[86.71939,23.70029],[86.46608,23.63206],[86.39239,23.57599],[86.38368,23.47619],[86.30994,23.43757],[86.31473,23.41422],[86.25152,23.414],[86.2497,23.46194],[86.15289,23.46785],[86.16242,23.5621],[86.05617,23.58814],[86.02026,23.5495],[86.05784,23.48954],[85.86637,23.46414],[85.90644,23.40005],[85.87469,23.3918],[85.88696,23.35395],[85.82352,23.27171],[85.89843,23.15928],[86.04851,23.14844],[86.05525,23.10993],[86.15031,23.07951],[86.19062,23.00986],[86.3079,23.02085],[86.52549,22.97578],[86.54992,22.99525],[86.53028,22.9528],[86.43958,22.93049],[86.4714,22.90536],[86.42184,22.7897],[86.51561,22.71142],[86.54885,22.72894],[86.64242,22.66961],[86.66341,22.58215],[86.76295,22.58494],[86.79375,22.55622],[86.80608,22.49635],[86.75431,22.4905],[86.75545,22.46439],[86.85085,22.40706],[86.83606,22.33712],[86.89231,22.30596],[86.89085,22.26595],[86.81807,22.27605],[86.80846,22.25236],[86.79672,22.27497],[86.80688,22.22646],[86.78212,22.24541],[86.75421,22.22064],[86.53705,22.30945],[86.50118,22.35545],[86.44143,22.31263],[86.36232,22.35746],[86.28543,22.4564],[86.12065,22.49455],[86.04942,22.57464],[85.96104,22.47248],[86.03116,22.39428],[86.00196,22.34989],[86.05118,22.31742],[85.9778,22.25586],[86.03539,22.19992],[85.91212,21.98088],[85.76677,22.00622],[85.79724,22.09145],[85.83969,22.0898],[85.81124,22.12557],[85.6886,22.06401],[85.65533,22.10501],[85.54662,22.10007],[85.4014,22.17241],[85.31313,22.12739],[85.23973,22.01982],[85.18397,22.08292],[85.17726,22.06118],[85.12342,22.07989],[85.09822,22.11787],[84.98782,22.09623],[85.03014,22.13196],[85.07394,22.28231],[85.11936,22.30265],[85.08001,22.36444],[85.07059,22.49175],[84.91345,22.43118],[84.81569,22.46067],[84.76244,22.45524],[84.75286,22.42691],[84.53918,22.43525],[84.43104,22.36153],[84.29816,22.34935],[84.15886,22.41572],[84.14341,22.48156],[84.01185,22.53296],[84.01214,22.58019],[84.0867,22.64492],[84.23599,22.68584],[84.23405,22.74625],[84.29218,22.77227],[84.33647,22.86624],[84.37548,22.87097],[84.39658,22.94771],[84.37578,22.98345],[84.22149,22.98436],[84.18856,23.03192],[84.15198,22.97082],[84.13619,23.08764],[84.04013,23.14414],[84.07751,23.33641],[84.05351,23.37785],[84.00745,23.3572],[83.96963,23.3906],[84.03072,23.54783],[84.01925,23.63616],[83.93451,23.62227],[83.9403,23.5711],[83.77782,23.61087],[83.72533,23.6874],[83.74855,23.72086],[83.7078,23.82162],[83.57356,23.8628],[83.58814,23.88694],[83.5558,23.89855],[83.51806,24.02701],[83.45518,24.04176],[83.43453,24.08554],[83.33156,24.1008],[83.41137,24.265],[83.38228,24.31157],[83.45957,24.36274],[83.38882,24.44594],[83.40377,24.50095],[83.87572,24.52912],[83.93875,24.5464],[84.01046,24.63972],[84.05472,24.60691],[84.11354,24.47437],[84.14704,24.53559],[84.17252,24.50083],[84.19002,24.55019],[84.25963,24.52427],[84.2997,24.5578],[84.33041,24.48991],[84.30023,24.44716],[84.34451,24.39158],[84.43406,24.35474],[84.42734,24.32818],[84.50828,24.32967],[84.49889,24.28463],[84.57123,24.4074],[84.66817,24.38892],[84.68844,24.45286],[84.80509,24.52811],[84.84216,24.51006],[84.84332,24.44993],[84.89053,24.46097],[84.90709,24.37038],[84.9782,24.37283],[85.0844,24.43087],[85.09243,24.37063],[85.17735,24.41851],[85.16419,24.45804],[85.22932,24.46081],[85.29161,24.52065],[85.39552,24.5277],[85.37435,24.55258],[85.52764,24.51867],[85.58448,24.59769],[85.67116,24.576],[85.65298,24.68136],[85.71206,24.72231],[85.74056,24.817],[85.87115,24.80026],[85.94836,24.72993],[86.05914,24.77582],[86.04111,24.73744],[86.09479,24.74229],[86.13244,24.69517],[86.1294,24.60843],[86.18459,24.58076],[86.21844,24.61072],[86.26338,24.57577],[86.32742,24.58385],[86.28019,24.46345],[86.35412,24.44513],[86.44919,24.36595],[86.5139,24.51956],[86.60769,24.60533],[86.67468,24.56204],[86.79353,24.61559],[86.80768,24.56745],[86.88509,24.56931],[86.91918,24.53947],[86.94221,24.64691],[87.05533,24.60572],[87.10047,24.79871],[87.07905,24.81577],[87.16032,24.88062],[87.15411,25.01982],[87.21911,25.08584],[87.30027,25.08315],[87.33219,25.21759],[87.4828,25.18825],[87.49863,25.30108],[87.54687,25.27436],[87.55674,25.32595],[87.58959,25.32692]]]}},{"type":"Feature","properties":{"source":"STATE_BOUNDARY","record":16,"part":96},"geometry":{"type":"Polygon","coordinates":[[[74.28769,15.87617],[74.29874,15.83173],[74.26285,15.842],[74.25808,15.87369],[74.28769,15.87617]]]}},{"type":"Feature","properties":{"source":"STATE_BOUNDARY","record":16,"part":97},"geometry":{"type":"Polygon","coordinates":[[[77.33059,18.48004],[77.41243,18.42261],[77.3641,18.33711],[77.43602,18.34028],[77.46341,18.29277],[77.51104,18.33957],[77.60388,18.31148],[77.5619,18.22673],[77.59726,18.12451],[77.54606,18.08752],[77.65435,18.00072],[77.50496,17.81885],[77.56698,17.78202],[77.4508,17.72812],[77.44149,17.618],[77.50531,17.57655],[77.5268,17.60945],[77.59226,17.59866],[77.59536,17.56862],[77.69097,17.53196],[77.65587,17.51554],[77.6554,17.54094],[77.57431,17.46562],[77.51141,17.46577],[77.52823,17.40595],[77.45198,17.40921],[77.45691,17.31476],[77.37852,17.25861],[77.40209,17.24605],[77.36204,17.19522],[77.46201,17.14672],[77.50094,17.05137],[77.4524,16.95173],[77.4749,16.82692],[77.43787,16.82768],[77.42443,16.7618],[77.47244,16.75552],[77.46819,16.72616],[77.41722,16.70781],[77.43271,16.68077],[77.47451,16.68945],[77.46579,16.63847],[77.39122,16.60978],[77.41748,16.56245],[77.36734,16.52894],[77.23401,16.5131],[77.34741,16.42471],[77.4881,16.42588],[77.5924,16.38499],[77.59629,16.3345],[77.48847,16.29679],[77.51408,16.26956],[77.48456,16.20512],[77.5117,16.15048],[77.51186,15.9703],[77.18351,16.00007],[77.08273,15.96219],[77.03074,15.90082],[77.06361,15.87142],[77.04723,15.77489],[77.12707,15.71088],[77.1196,15.6763],[77.08135,15.70419],[77.02856,15.67968],[77.02816,15.54861],[76.97211,15.54422],[77.03166,15.47925],[77.06188,15.37499],[77.11128,15.38062],[77.11656,15.34202],[77.16514,15.31591],[77.12331,15.2745],[77.16735,15.21924],[77.08061,15.05493],[77.04226,15.05867],[77.0477,15.08177],[76.8752,15.07892],[76.83402,15.12766],[76.77466,15.12683],[76.7645,15.02465],[76.86549,15.01889],[76.86765,14.98696],[76.852,14.85945],[76.78066,14.83608],[76.80093,14.79228],[76.76296,14.65334],[76.866,14.52601],[76.97291,14.53724],[76.9408,14.45175],[76.91389,14.47298],[76.88286,14.44814],[76.88269,14.40026],[76.95482,14.34738],[76.92297,14.32694],[76.93814,14.29794],[77.10594,14.27338],[77.15556,14.39485],[77.23647,14.37026],[77.28486,14.39287],[77.28183,14.33584],[77.36217,14.32897],[77.39035,14.2525],[77.41777,14.26515],[77.37543,14.35777],[77.39117,14.38863],[77.5023,14.31697],[77.50194,14.21097],[77.39209,14.22799],[77.34971,14.18399],[77.3458,14.1578],[77.39929,14.17279],[77.33063,14.08528],[77.38852,14.07138],[77.38,14.03115],[77.43628,14.03045],[77.41047,14.00066],[77.43344,13.97029],[77.39839,13.94373],[77.34618,13.97124],[77.36964,14.00781],[77.32055,14.08459],[77.14744,14.05593],[77.1256,14.10151],[77.02582,14.11616],[77.02146,14.23042],[76.94565,14.25178],[76.89259,14.22159],[76.88396,14.19219],[76.92305,14.19107],[76.97568,14.12564],[76.92921,14.0848],[77.03981,13.9886],[76.97613,13.88267],[76.99663,13.80186],[77.02261,13.83531],[77.06287,13.80013],[77.17128,13.8182],[77.16691,13.88541],[77.1264,13.91208],[77.16681,13.92007],[77.18295,13.98041],[77.19868,13.91863],[77.23389,13.95948],[77.25498,13.90221],[77.30981,13.92215],[77.32371,13.889],[77.43091,13.89892],[77.42096,13.85506],[77.46301,13.86201],[77.45374,13.73892],[77.49055,13.74643],[77.48347,13.77125],[77.52369,13.74762],[77.52572,13.81005],[77.55904,13.77883],[77.59847,13.80702],[77.62623,13.79095],[77.61958,13.82459],[77.67863,13.84282],[77.67026,13.81668],[77.70186,13.82593],[77.71594,13.79739],[77.71788,13.85624],[77.83572,13.92529],[77.82523,13.99983],[77.89438,13.99617],[77.92547,13.96067],[77.98136,14.01272],[77.9517,13.88316],[77.99923,13.92846],[78.04497,13.91773],[78.04764,13.95149],[78.12246,13.90105],[78.12523,13.84243],[78.09033,13.79859],[78.11204,13.74934],[78.06787,13.75438],[78.08591,13.69997],[78.16643,13.71265],[78.20307,13.68541],[78.19184,13.62221],[78.23524,13.65575],[78.401,13.6452],[78.36479,13.41725],[78.40741,13.40436],[78.37724,13.39591],[78.40011,13.37432],[78.48246,13.37999],[78.53126,13.32608],[78.56864,13.36812],[78.57858,13.27508],[78.54885,13.2493],[78.57888,13.2271],[78.51612,13.19154],[78.5376,13.16584],[78.46124,13.10369],[78.46651,13.03591],[78.43436,13.04189],[78.41017,13.00633],[78.46574,12.96671],[78.46382,12.9283],[78.44461,12.97306],[78.38769,12.96815],[78.35485,13.00183],[78.3114,12.9201],[78.25111,12.92212],[78.22985,12.82283],[78.13308,12.84401],[78.05212,12.91546],[78.02264,12.9181],[78.00851,12.86764],[77.95106,12.91871],[77.91926,12.88992],[77.92804,12.9523],[77.83467,12.93184],[77.79109,12.90438],[77.80717,12.85868],[77.73852,12.73568],[77.59738,12.72988],[77.57885,12.61501],[77.61485,12.57286],[77.58218,12.54265],[77.63316,12.55141],[77.61533,12.43272],[77.54982,12.35619],[77.4775,12.33638],[77.47035,12.2739],[77.73194,12.24375],[77.77501,12.17835],[77.67425,12.01901],[77.49325,12.01093],[77.42565,11.82906],[77.24817,11.88088],[77.10896,11.84158],[77.11592,11.7895],[77.07841,11.80432],[77.06511,11.856],[77.03327,11.83791],[77.02804,11.87259],[76.98112,11.87972],[76.96805,11.84495],[76.89846,11.85196],[76.83305,11.72424],[76.85164,11.66615],[76.61189,11.67666],[76.55783,11.69149],[76.50952,11.7735],[76.45602,11.73309],[76.41451,11.74046],[76.41202,11.82704],[76.33747,11.80731],[76.27792,11.87948],[76.22138,11.87609],[76.18803,11.93872],[76.11754,11.9181],[76.1099,12.04551],[76.00072,11.99853],[75.8563,12.02639],[75.79995,12.14481],[75.71208,12.13674],[75.7006,12.17424],[75.65929,12.16531],[75.63335,12.215],[75.58983,12.21368],[75.52984,12.26695],[75.4766,12.36035],[75.41108,12.35563],[75.41909,12.43714],[75.36974,12.46456],[75.36275,12.52071],[75.41047,12.52252],[75.41451,12.56215],[75.33371,12.528],[75.27102,12.59909],[75.26995,12.63226],[75.32411,12.65554],[75.27341,12.6815],[75.21735,12.63239],[75.19876,12.69294],[75.13549,12.70628],[75.14899,12.74584],[75.08295,12.76651],[75.08211,12.73741],[75.04356,12.73026],[75.04938,12.78246],[74.98015,12.79947],[75.00006,12.85362],[74.861,12.8235],[74.69028,13.40235],[74.66518,13.69705],[74.60656,13.92109],[74.51055,14.04168],[74.39415,14.46051],[74.35119,14.57383],[74.30664,14.57302],[74.25919,14.7703],[74.23061,14.79875],[74.20039,14.76977],[74.08906,14.854],[74.12057,14.85499],[74.12141,14.88768],[74.08206,14.95033],[74.15845,14.9615],[74.15993,15.00757],[74.1979,14.97501],[74.24898,15.00818],[74.2929,15.08982],[74.26904,15.14578],[74.31338,15.23402],[74.24754,15.30611],[74.3323,15.34258],[74.24728,15.53757],[74.27904,15.57717],[74.24156,15.61215],[74.24681,15.70228],[74.08433,15.71718],[74.21738,15.83027],[74.23661,15.78784],[74.35486,15.81917],[74.37953,15.89301],[74.33463,15.89879],[74.36505,15.93801],[74.40263,15.89925],[74.38331,15.94857],[74.45972,16.082],[74.35776,16.09656],[74.42409,16.15436],[74.48774,16.14674],[74.50451,16.24413],[74.47698,16.29172],[74.40697,16.3245],[74.36944,16.30317],[74.3512,16.33399],[74.32134,16.31323],[74.31359,16.42185],[74.34983,16.40735],[74.36012,16.4458],[74.33146,16.44213],[74.32899,16.49518],[74.28565,16.50334],[74.28727,16.54503],[74.24372,16.53709],[74.27438,16.54459],[74.26691,16.58785],[74.30253,16.54383],[74.3121,16.5943],[74.37626,16.56859],[74.39307,16.62295],[74.4632,16.64637],[74.46523,16.70303],[74.48553,16.66956],[74.54102,16.67486],[74.56509,16.59372],[74.63661,16.64999],[74.68361,16.64634],[74.65008,16.6782],[74.68764,16.75447],[74.91691,16.81111],[74.89827,16.90065],[74.95715,16.91894],[74.96037,16.94754],[74.92848,16.98238],[75.02207,16.96573],[75.08621,16.98917],[75.13339,16.91252],[75.18593,16.91331],[75.17878,16.88161],[75.21116,16.87992],[75.27903,16.91829],[75.2766,16.99412],[75.46266,17.02575],[75.48621,16.98206],[75.56483,17.00327],[75.57028,17.04688],[75.66756,16.99959],[75.66694,17.07527],[75.63822,17.07469],[75.67396,17.10237],[75.66953,17.15266],[75.62259,17.21034],[75.65915,17.25068],[75.65495,17.29904],[75.60093,17.34109],[75.57132,17.41845],[75.61072,17.42702],[75.63019,17.51183],[75.68798,17.44448],[75.73087,17.45504],[75.79026,17.40493],[75.81877,17.45616],[75.85824,17.42074],[75.88156,17.45292],[75.88796,17.39183],[75.92822,17.35807],[76.01179,17.38886],[76.07663,17.36705],[76.11648,17.40573],[76.17388,17.33641],[76.16787,17.38796],[76.23969,17.41402],[76.27398,17.37001],[76.34297,17.38977],[76.35169,17.34987],[76.38085,17.35008],[76.40683,17.40662],[76.36111,17.41286],[76.36919,17.47128],[76.33092,17.46877],[76.32834,17.50486],[76.3732,17.52478],[76.34343,17.52707],[76.3649,17.55384],[76.32894,17.63137],[76.4174,17.63763],[76.42691,17.67864],[76.4875,17.6941],[76.52105,17.79284],[76.57052,17.79357],[76.58001,17.73862],[76.61317,17.80338],[76.68872,17.71449],[76.72618,17.77073],[76.71199,17.81386],[76.78834,17.859],[76.73639,17.88918],[76.73789,17.93196],[76.80463,17.90299],[76.91701,17.94812],[76.90366,18.04135],[76.95035,18.07169],[76.96441,18.12935],[76.91853,18.14922],[76.94998,18.21874],[77.10969,18.18666],[77.09574,18.22732],[77.1497,18.24753],[77.173,18.31497],[77.21123,18.31045],[77.19691,18.34539],[77.24462,18.40039],[77.24,18.442],[77.33059,18.48004]]]}},{"type":"Feature","properties":{"source":"STATE_BOUNDARY","record":16,"part":98},"geometry":{"type":"Polygon","coordinates":[[[77.28089,18.50505],[77.29779,18.4936],[77.26545,18.48359],[77.28089,18.50505]]]}},{"type":"Feature","properties":{"source":"STATE_BOUNDARY","record":17,"part":0},"geometry":{"type":"Polygon","coordinates":[[[74.98591,12.85739],[75.00635,12.82961],[74.98015,12.79947],[75.04938,12.78246],[75.04356,12.73026],[75.08211,12.73741],[75.08295,12.76651],[75.14899,12.74584],[75.13549,12.70628],[75.19876,12.69294],[75.21735,12.63239],[75.27341,12.6815],[75.32411,12.65554],[75.26762,12.61175],[75.33371,12.528],[75.41329,12.56373],[75.42042,12.53069],[75.36275,12.52071],[75.36974,12.46456],[75.41909,12.43714],[75.41072,12.35616],[75.4766,12.36035],[75.57446,12.22352],[75.63335,12.215],[75.65929,12.16531],[75.7006,12.17424],[75.71208,12.13674],[75.79995,12.14481],[75.82467,12.05448],[75.86789,12.01959],[76.00072,11.99853],[76.1099,12.04551],[76.11754,11.9181],[76.18803,11.93872],[76.22138,11.87609],[76.27792,11.87948],[76.33747,11.80731],[76.41202,11.82704],[76.40124,11.77626],[76.44123,11.71251],[76.3001,11.64055],[76.27661,11.67009],[76.23219,11.64147],[76.24526,11.53849],[76.41649,11.51189],[76.50603,11.42477],[76.54573,11.4295],[76.54363,11.37128],[76.4509,11.31071],[76.45626,11.25934],[76.50112,11.28312],[76.62765,11.26579],[76.69623,11.31094],[76.7294,11.28707],[76.68752,11.2314],[76.74629,11.20781],[76.74412,11.12729],[76.79889,11.12644],[76.70886,11.11128],[76.65704,11.00372],[76.82636,10.94549],[76.84623,10.89271],[76.90531,10.85681],[76.86566,10.76944],[76.88056,10.7147],[76.80814,10.69927],[76.84116,10.61291],[76.81442,10.49983],[76.84685,10.44488],[76.82823,10.38091],[76.87122,10.37557],[76.9097,10.31275],[76.9806,10.29768],[77.17489,10.43516],[77.23415,10.42876],[77.25804,10.30778],[77.2933,10.29548],[77.2661,10.19978],[77.19955,10.18408],[77.27118,10.04333],[77.21655,9.98379],[77.24498,9.87804],[77.16413,9.69415],[77.26805,9.6543],[77.31618,9.68386],[77.33787,9.65484],[77.35952,9.68361],[77.36395,9.61686],[77.41082,9.5909],[77.28133,9.38453],[77.26515,9.23658],[77.19575,9.13174],[77.14482,9.10674],[77.19109,9.01171],[77.2549,8.96338],[77.22802,8.87097],[77.16829,8.82844],[77.2822,8.63458],[77.26004,8.59426],[77.20068,8.58932],[77.22642,8.53572],[77.14938,8.47333],[77.17407,8.40954],[77.13806,8.41906],[77.09422,8.38244],[76.97726,8.47072],[76.62938,8.92259],[76.54463,8.98955],[76.33935,9.48593],[76.2389,10.04675],[76.09793,10.45804],[75.90759,10.86023],[75.82581,11.19121],[75.69502,11.49508],[75.61407,11.5463],[75.54148,11.77305],[75.35281,11.92737],[75.24739,12.07486],[75.19809,12.07277],[74.86114,12.82128],[74.98591,12.85739]]]}},{"type":"Feature","properties":{"source":"STATE_BOUNDARY","record":17,"part":1},"geometry":{"type":"Polygon","coordinates":[[[75.53495,11.83095],[75.52824,11.77675],[75.55259,11.78987],[75.53495,11.83095]]]}},{"type":"Feature","properties":{"source":"STATE_BOUNDARY","record":18,"part":0},"geometry":{"type":"Polygon","coordinates":[[[74.7081,37.01202],[74.74563,36.96774],[74.83517,36.98415],[74.83106,36.95366],[74.91191,36.8689],[75.01207,36.93916],[75.10562,36.91042],[75.2075,36.99829],[75.33795,37.00901],[75.35107,36.93694],[75.41514,36.9209],[75.40361,36.85672],[75.44653,36.83767],[75.45999,36.77923],[75.60956,36.72435],[75.804,36.51313],[76.06833,36.43418],[76.26382,36.30916],[76.35131,36.31974],[76.43494,36.26082],[76.43422,36.20845],[76.47845,36.17048],[76.59165,36.12919],[76.65352,36.14301],[76.71774,36.04881],[76.8114,35.99192],[76.72979,35.90619],[76.80519,35.80162],[76.99886,35.72767],[77.11359,35.75014],[77.17433,35.72027],[77.17766,35.68247],[77.25638,35.65665],[77.36398,35.66749],[77.4361,35.60863],[77.48096,35.4825],[77.33014,35.48322],[77.38337,35.42692],[77.6835,35.4199],[77.72715,35.43038],[77.73425,35.47401],[77.91059,35.41419],[77.92784,35.44332],[77.98381,35.40144],[77.93779,35.45986],[77.95635,35.55752],[78.13543,35.48943],[78.21077,35.61846],[78.26437,35.59994],[78.27572,35.67067],[78.40272,35.68809],[78.44156,35.73574],[78.53311,35.71467],[78.67236,35.80608],[78.96847,35.84194],[79.03155,35.79961],[79.16407,35.79011],[79.2122,35.82967],[79.23035,35.92368],[79.35757,35.94319],[79.40993,35.93745],[79.4398,35.84584],[79.75091,35.74898],[79.89889,35.72723],[80.0157,35.77813],[80.12899,35.60923],[80.31193,35.54066],[80.34533,35.41428],[80.2987,35.37023],[80.24283,35.16193],[80.18516,35.08479],[80.18703,34.96256],[80.07505,34.76063],[80.06536,34.64844],[79.94462,34.61659],[79.87817,34.6305],[79.77645,34.56624],[79.79423,34.5365],[79.76961,34.49388],[79.82092,34.47063],[79.79129,34.42309],[79.59811,34.44303],[79.52182,34.41997],[79.5313,34.36528],[79.56863,34.35715],[79.59185,34.19293],[79.49333,34.14196],[79.4956,34.08193],[79.4207,34.03359],[79.43705,33.97051],[79.17234,34.016],[79.11202,33.96682],[79.00044,33.9914],[78.91755,33.92195],[79.01249,33.74159],[79.05979,33.73451],[79.01541,33.6612],[79.07734,33.64507],[79.09952,33.57555],[78.90209,33.58122],[78.95464,33.34167],[78.98632,33.29109],[79.10706,33.24949],[79.44572,33.21822],[79.44265,33.16105],[79.37278,33.06741],[79.37989,32.98898],[79.32443,32.97361],[79.61159,32.6974],[79.56694,32.63267],[79.42889,32.48666],[79.3841,32.48593],[79.37255,32.52348],[79.30477,32.54873],[79.25923,32.48579],[79.12443,32.42837],[79.13456,32.39577],[79.09305,32.34081],[79.00285,32.33856],[78.97047,32.29952],[78.80587,32.40767],[78.74982,32.65528],[78.60428,32.55397],[78.56451,32.57764],[78.4502,32.54053],[78.31965,32.40745],[78.28349,32.4322],[78.31218,32.52853],[78.40855,32.5859],[78.38028,32.61678],[78.38687,32.71897],[78.31167,32.70212],[78.24467,32.63419],[78.14108,32.64438],[78.1459,32.61662],[78.0145,32.58238],[77.91716,32.65306],[77.92426,32.73422],[77.77941,32.82767],[77.80909,32.86876],[77.68086,32.95024],[77.46742,32.82058],[77.40268,32.84456],[77.3367,32.77897],[77.186,32.8904],[77.15374,32.8733],[77.14851,32.93965],[77.00739,32.95009],[76.92653,32.99293],[76.90653,33.05562],[76.81446,33.12116],[76.84095,33.20725],[76.73475,33.22156],[76.62659,33.39474],[76.57944,33.38566],[76.44821,33.5219],[76.41268,33.49856],[76.35608,33.56294],[76.30507,33.56887],[76.30718,33.53083],[76.22237,33.50704],[76.20277,33.52857],[76.22671,33.58899],[76.28203,33.6209],[76.26283,33.70514],[76.15867,33.76041],[76.12022,33.84731],[76.02976,33.87782],[76.02155,33.94007],[75.8353,33.91299],[75.81667,33.93018],[75.84012,33.96264],[75.73402,34.01659],[75.66488,34.10168],[75.68223,34.15676],[75.59024,34.1549],[75.49217,34.18949],[75.47165,34.23453],[75.40024,34.2416],[75.36905,34.36908],[75.32422,34.39616],[75.36228,34.49416],[75.20262,34.59949],[75.2549,34.65311],[75.25288,34.72917],[75.14078,34.80531],[75.09781,34.8739],[75.0606,34.86009],[75.06052,34.80215],[74.91499,34.74035],[74.86851,34.78528],[74.57315,34.86873],[74.58124,34.9726],[74.52683,35.00056],[74.53591,35.02927],[74.49552,35.06975],[74.43478,35.08418],[74.37797,35.02213],[74.26109,34.99525],[74.21102,35.04794],[74.15194,35.04511],[74.10807,35.10257],[74.02956,35.10091],[73.99855,35.13758],[73.95254,35.12203],[73.80391,35.19324],[73.72492,35.16354],[73.6894,35.31276],[73.7876,35.40728],[73.77406,35.47574],[73.62383,35.52175],[73.3934,35.50982],[73.128,35.66302],[73.14376,35.78306],[73.07893,35.82919],[72.91337,35.7909],[72.88603,35.82547],[72.81401,35.83343],[72.77912,35.79329],[72.72137,35.80485],[72.67914,35.77441],[72.51311,35.85711],[72.53332,35.9365],[72.57928,35.97634],[72.51131,36.01847],[72.55637,36.0908],[72.54196,36.15612],[72.60638,36.22001],[72.67958,36.19448],[72.6753,36.22155],[72.84853,36.31658],[72.85453,36.38559],[72.97431,36.40729],[72.97286,36.46133],[73.04694,36.48271],[73.0922,36.55552],[73.06265,36.64987],[73.11148,36.63349],[73.16575,36.67321],[73.1965,36.6448],[73.28929,36.65347],[73.4167,36.69211],[73.57467,36.67158],[73.5881,36.64213],[73.86736,36.65066],[73.86357,36.71539],[73.70097,36.78667],[73.66653,36.86034],[73.91051,36.83172],[74.04223,36.75977],[74.12923,36.79674],[74.15153,36.85917],[74.24482,36.84231],[74.4224,36.94411],[74.519,36.94355],[74.56018,36.90643],[74.5642,37.00002],[74.68629,37.0363],[74.7081,37.01202]]]}},{"type":"Feature","properties":{"source":"STATE_BOUNDARY","record":19,"part":2},"geometry":{"type":"Polygon","coordinates":[[[78.37166,26.84978],[78.39797,26.8051],[78.5759,26.73591],[78.72204,26.78399],[78.81819,26.74783],[78.8716,26.68496],[78.95535,26.67888],[78.94478,26.64219],[79.00311,26.66102],[79.0164,26.58865],[78.9891,26.56617],[79.0675,26.48472],[79.05198,26.44203],[79.1346,26.42849],[79.08355,26.348],[79.13825,26.32634],[79.09004,26.25917],[79.045,26.24949],[79.06281,26.21525],[78.98868,26.22428],[79.02518,26.18127],[78.99299,26.18637],[79.00423,26.13776],[78.94816,26.11848],[79.0114,26.07319],[78.94756,26.01802],[78.93824,25.93335],[78.88389,25.90473],[78.88663,25.85951],[78.85164,25.84771],[78.87169,25.7927],[78.81764,25.8202],[78.82783,25.78706],[78.75202,25.74157],[78.81591,25.66823],[78.81097,25.61296],[78.71647,25.59758],[78.65778,25.55235],[78.61721,25.57601],[78.5868,25.54908],[78.44256,25.55565],[78.43026,25.4665],[78.37657,25.42985],[78.35344,25.44495],[78.30418,25.37008],[78.34269,25.32201],[78.3106,25.29698],[78.35349,25.28598],[78.3587,25.23616],[78.40989,25.20678],[78.39501,25.18145],[78.45723,25.15807],[78.42625,25.14838],[78.44578,25.11632],[78.33753,25.08129],[78.33274,24.99065],[78.16775,24.85841],[78.27555,24.65975],[78.26331,24.54949],[78.22464,24.51756],[78.26854,24.44474],[78.3647,24.38408],[78.32797,24.32552],[78.38383,24.26868],[78.51739,24.38591],[78.58506,24.352],[78.66775,24.23885],[78.74959,24.23273],[78.76107,24.25826],[78.80474,24.1773],[78.81416,24.20578],[78.88111,24.21594],[78.90891,24.29653],[78.97077,24.3459],[78.99298,24.42067],[78.91349,24.45736],[78.91986,24.49727],[78.97084,24.49182],[78.88249,24.63815],[78.78298,24.58568],[78.7512,24.59724],[78.78903,24.80702],[78.76922,24.85483],[78.67568,24.89425],[78.63082,24.95303],[78.65172,25.04548],[78.60152,25.0891],[78.59974,25.14978],[78.55457,25.20554],[78.57695,25.24873],[78.43398,25.27793],[78.5013,25.31449],[78.53021,25.29371],[78.5521,25.31324],[78.53102,25.35],[78.58234,25.34044],[78.56555,25.38678],[78.6349,25.39391],[78.65894,25.43468],[78.71056,25.42119],[78.65805,25.37858],[78.72327,25.33745],[78.77377,25.34655],[78.7489,25.40423],[78.82058,25.41569],[78.76153,25.41999],[78.73261,25.48222],[78.84011,25.45443],[78.81994,25.43173],[78.84579,25.42177],[78.86541,25.45858],[78.83263,25.49537],[78.88363,25.50825],[78.89265,25.5478],[78.95109,25.5413],[78.90814,25.43544],[78.96631,25.42768],[78.98866,25.36738],[78.938,25.34045],[78.89568,25.36745],[78.9526,25.39317],[78.87949,25.37918],[78.84539,25.32055],[78.79151,25.30174],[78.82778,25.29642],[78.80868,25.26444],[78.84888,25.22282],[78.88126,25.33712],[78.92722,25.31771],[78.95992,25.33856],[78.97924,25.27284],[78.87875,25.24618],[78.88116,25.15127],[78.95316,25.21304],[79.00521,25.18924],[78.97416,25.23447],[79.01256,25.26787],[79.06306,25.21583],[79.03012,25.13295],[79.09002,25.18502],[79.12551,25.15558],[79.12344,25.10538],[79.17369,25.1029],[79.19167,25.14064],[79.24464,25.10843],[79.22364,25.14048],[79.24869,25.15391],[79.28207,25.1121],[79.32268,25.14424],[79.27877,25.23869],[79.35146,25.20627],[79.34693,25.26055],[79.26255,25.26601],[79.29942,25.33115],[79.3518,25.32344],[79.3357,25.28185],[79.36247,25.25558],[79.36817,25.28619],[79.40842,25.25],[79.49412,25.26076],[79.4621,25.25853],[79.44,25.193],[79.3895,25.16442],[79.40534,25.10098],[79.42091,25.12991],[79.43855,25.09587],[79.47689,25.12197],[79.46467,25.08275],[79.49116,25.0744],[79.56907,25.16611],[79.60087,25.12201],[79.74833,25.13382],[79.85114,25.08888],[79.88145,25.1365],[79.85128,25.22956],[79.90743,25.24482],[79.9175,25.22087],[79.9483,25.26251],[80.00512,25.25957],[80.03344,25.33552],[80.13118,25.32776],[80.20251,25.40719],[80.25359,25.39405],[80.26401,25.41713],[80.31562,25.38215],[80.31101,25.28017],[80.40361,25.238],[80.43195,25.1719],[80.35479,25.13283],[80.37633,25.11093],[80.35557,25.0505],[80.286,25.05089],[80.27381,25.02098],[80.33077,24.98749],[80.36319,25.01862],[80.3959,25.00529],[80.37391,25.05078],[80.44875,25.0734],[80.50227,25.03159],[80.44925,25.03549],[80.43754,24.98949],[80.47898,24.96921],[80.49964,25.00132],[80.54965,24.99723],[80.47985,25.09101],[80.61355,25.06051],[80.6023,25.14484],[80.63865,25.11144],[80.60849,25.09309],[80.68547,25.07137],[80.68019,25.04336],[80.77628,25.04969],[80.78416,25.07072],[80.70486,25.12289],[80.80894,25.13126],[80.83044,25.09471],[80.8387,25.17461],[80.88525,25.18217],[80.91352,25.15345],[80.86902,25.11026],[80.87863,25.06029],[80.83234,25.02785],[80.8523,24.98344],[80.79274,24.96017],[80.81253,24.91805],[80.94664,24.96156],[80.95782,24.91338],[81.08523,24.94528],[81.14036,24.8832],[81.16879,24.95057],[81.22045,24.92409],[81.20973,24.98778],[81.26467,25.04764],[81.27837,25.16033],[81.31431,25.15808],[81.32236,25.10735],[81.33541,25.16361],[81.40086,25.11378],[81.43949,25.12484],[81.44862,25.10179],[81.40821,25.09954],[81.49213,25.06711],[81.51911,25.09538],[81.48104,25.12704],[81.53753,25.15491],[81.51562,25.17858],[81.57462,25.18627],[81.6273,25.15483],[81.59913,25.12583],[81.60939,25.09072],[81.62517,25.11459],[81.64196,25.09315],[81.61251,25.05136],[81.66766,25.06988],[81.69088,25.03389],[81.73266,25.04354],[81.79341,24.99951],[81.90854,25.00077],[81.90411,24.88732],[81.96658,24.823],[82.01829,24.84185],[82.11702,24.7806],[82.20506,24.8152],[82.18571,24.79174],[82.2194,24.77288],[82.17891,24.72874],[82.22279,24.71879],[82.20804,24.74354],[82.24666,24.74077],[82.25243,24.76616],[82.2312,24.67845],[82.30468,24.66383],[82.29833,24.60287],[82.41772,24.58829],[82.40781,24.67778],[82.43211,24.69914],[82.54133,24.64467],[82.67263,24.69361],[82.7085,24.63315],[82.77615,24.63862],[82.7673,24.59284],[82.80515,24.59415],[82.80941,24.54629],[82.72099,24.54975],[82.74539,24.49291],[82.71501,24.37836],[82.77122,24.36887],[82.77506,24.30584],[82.72989,24.13446],[82.68467,24.15382],[82.66607,24.12851],[82.7157,24.07586],[82.77586,24.07592],[82.75253,24.01191],[82.80604,24.00349],[82.81448,23.96005],[82.66336,23.90809],[82.63708,23.8385],[82.53475,23.82302],[82.55317,23.79167],[82.52507,23.78474],[82.47089,23.81198],[82.23329,23.80627],[82.21325,23.85273],[82.1729,23.81913],[82.05494,23.81927],[82.01015,23.86176],[81.92275,23.87154],[81.81678,23.80732],[81.72662,23.84061],[81.66969,23.92533],[81.61008,23.90368],[81.60424,23.85443],[81.69703,23.7227],[81.65627,23.6648],[81.61563,23.66458],[81.61304,23.59726],[81.57773,23.5874],[81.61339,23.51264],[81.63836,23.49289],[81.74779,23.57193],[81.83764,23.51333],[81.92456,23.53497],[81.98665,23.4174],[82.02681,23.42773],[82.02323,23.39036],[82.05736,23.37988],[82.1048,23.40122],[82.11854,23.35866],[82.19541,23.3272],[82.19483,23.28155],[82.14669,23.23056],[82.16279,23.14738],[82.12365,23.10827],[82.07359,23.12272],[82.03553,23.08463],[81.94353,23.08356],[81.92277,23.0456],[81.94759,22.96199],[81.86285,22.89481],[81.77685,22.88006],[81.76251,22.83614],[81.79557,22.77264],[81.75475,22.73489],[81.77354,22.67488],[81.68442,22.65369],[81.62301,22.54536],[81.52323,22.54635],[81.40763,22.44879],[81.38296,22.51731],[81.3274,22.53355],[81.31459,22.49055],[81.28211,22.51048],[81.233,22.45994],[81.17346,22.49551],[81.11189,22.44543],[81.11945,22.29987],[81.02013,22.23016],[81.02258,22.14216],[80.97879,22.1296],[81.00686,22.07299],[80.97004,22.06781],[80.9482,22.12777],[80.90853,22.11912],[80.85323,21.96764],[80.82604,21.96875],[80.85387,21.88335],[80.82028,21.75945],[80.75649,21.77342],[80.72662,21.72527],[80.73824,21.48598],[80.67178,21.35201],[80.60028,21.34043],[80.52797,21.40814],[80.41251,21.39008],[80.39629,21.42131],[80.42243,21.45357],[80.37744,21.53485],[80.25361,21.63682],[80.1929,21.64746],[80.06673,21.56664],[79.9968,21.54616],[79.93586,21.56867],[79.89117,21.53081],[79.73746,21.61603],[79.65183,21.56841],[79.54031,21.55518],[79.49588,21.68603],[79.35194,21.68985],[79.23068,21.73384],[79.22351,21.66075],[79.14776,21.67305],[79.09337,21.61032],[78.97485,21.62974],[78.91364,21.60124],[78.936,21.49856],[78.79947,21.50292],[78.77533,21.47749],[78.75003,21.50574],[78.72763,21.47521],[78.51067,21.54126],[78.44864,21.50826],[78.42616,21.6114],[78.38637,21.62695],[78.36199,21.58753],[78.26534,21.60397],[78.27273,21.58161],[78.1807,21.56976],[78.17502,21.51247],[77.93984,21.39908],[77.79972,21.42278],[77.73563,21.37564],[77.70849,21.37091],[77.69048,21.41081],[77.66839,21.38232],[77.6034,21.40402],[77.58553,21.37627],[77.53011,21.43228],[77.48642,21.38773],[77.42387,21.55025],[77.60992,21.55133],[77.57553,21.56759],[77.54162,21.71592],[77.47744,21.78129],[77.28811,21.77169],[77.28544,21.73347],[77.2086,21.70136],[77.17419,21.73728],[77.0713,21.73101],[76.89959,21.60904],[76.79317,21.60612],[76.76133,21.53336],[76.78192,21.47527],[76.61954,21.34587],[76.66072,21.28984],[76.62129,21.1994],[76.49088,21.20817],[76.45378,21.12315],[76.3724,21.0875],[76.16558,21.0943],[76.10887,21.17562],[76.1739,21.19835],[76.09405,21.38514],[76.046,21.36322],[75.88293,21.40795],[75.54081,21.3819],[75.21158,21.42273],[75.10397,21.47557],[75.05008,21.57716],[74.89835,21.64124],[74.77946,21.62279],[74.55064,21.69309],[74.5438,21.73113],[74.50199,21.73779],[74.52046,21.92169],[74.43574,21.98691],[74.42799,22.04018],[74.27743,21.94352],[74.14033,21.96343],[74.14676,21.99672],[74.08827,22.02481],[74.17483,22.09509],[74.12061,22.10746],[74.11847,22.22136],[74.06828,22.22808],[74.06087,22.36283],[74.1012,22.37996],[74.124,22.34108],[74.18652,22.32867],[74.20023,22.37488],[74.28743,22.40204],[74.19781,22.44233],[74.18958,22.48309],[74.1803,22.44932],[74.14536,22.46337],[74.11525,22.42666],[74.10028,22.47219],[74.07143,22.47196],[74.07863,22.51423],[74.02947,22.49743],[74.03722,22.54906],[74.14347,22.5211],[74.25978,22.65072],[74.37536,22.64123],[74.43012,22.81382],[74.47279,22.8605],[74.44317,22.92643],[74.38971,22.90207],[74.33576,22.95807],[74.36161,22.98203],[74.31515,23.06331],[74.3825,23.1159],[74.50224,23.08966],[74.66803,23.2039],[74.73866,23.21281],[74.68856,23.22299],[74.69645,23.27196],[74.54307,23.28067],[74.51041,23.33134],[74.60032,23.45991],[74.84342,23.55404],[74.93319,23.63057],[74.89608,23.68373],[74.93705,23.76586],[74.90033,23.79528],[74.89924,23.87354],[74.97897,24.02524],[74.90014,24.10872],[74.87635,24.17271],[74.89371,24.22613],[74.74362,24.25218],[74.85045,24.4423],[74.70521,24.48404],[74.81068,24.64696],[74.76845,24.6582],[74.79631,24.77522],[74.88567,24.63069],[74.93972,24.63464],[75.01271,24.7285],[74.99816,24.7707],[74.85701,24.79454],[74.84594,24.7723],[74.82978,24.955],[74.89905,24.92543],[74.9553,24.85396],[75.02973,24.84025],[75.11367,24.87394],[75.1103,24.96206],[75.16534,25.00099],[75.15176,25.02892],[75.32904,25.03639],[75.34725,25.01255],[75.30864,24.99049],[75.3338,24.95071],[75.31532,24.88976],[75.27074,24.95931],[75.29093,24.90308],[75.26027,24.87055],[75.4227,24.86479],[75.30847,24.79723],[75.26978,24.83869],[75.22091,24.83977],[75.24915,24.8091],[75.18119,24.74486],[75.21626,24.69908],[75.45343,24.67709],[75.58003,24.70975],[75.60786,24.67705],[75.754,24.7578],[75.83083,24.72824],[75.84599,24.64421],[75.82207,24.61042],[75.91174,24.56942],[75.91783,24.51908],[75.88512,24.50555],[75.90634,24.45275],[75.83602,24.41212],[75.7866,24.46919],[75.72491,24.38857],[75.73701,24.33049],[75.80794,24.29461],[75.82746,24.23258],[75.77282,24.20668],[75.74319,24.12064],[75.83293,24.09163],[75.83396,24.05675],[75.77889,24.04229],[75.71468,23.96699],[75.67147,24.01756],[75.5926,23.99002],[75.51808,24.02486],[75.47168,23.98289],[75.45905,23.91515],[75.56028,23.85825],[75.58052,23.79581],[75.65162,23.79937],[75.68386,23.75712],[75.68726,23.81414],[75.71876,23.81269],[75.73358,23.85693],[75.70324,23.89956],[75.77845,23.84944],[75.9787,23.92929],[75.96078,24.01859],[76.12422,24.08827],[76.1148,24.19301],[76.18298,24.32763],[76.21004,24.20888],[76.27985,24.20626],[76.32047,24.24431],[76.4093,24.1995],[76.46816,24.22502],[76.52512,24.15594],[76.57545,24.17827],[76.58127,24.24165],[76.69058,24.28506],[76.67368,24.18989],[76.69612,24.16762],[76.75577,24.16741],[76.79916,24.11608],[76.89854,24.12679],[76.94537,24.2003],[76.83895,24.32081],[76.85099,24.46359],[76.81427,24.53095],[76.91584,24.5408],[76.91637,24.47832],[76.9756,24.45911],[77.06938,24.56994],[77.02969,24.70782],[76.95193,24.75663],[76.85403,24.73884],[76.79986,24.80616],[76.94653,24.86482],[76.85468,24.99758],[76.87407,25.03632],[76.99706,25.0696],[77.08288,25.0491],[77.17254,25.10639],[77.26819,25.11066],[77.30898,25.07457],[77.40488,25.10627],[77.39126,25.15359],[77.4249,25.18229],[77.35332,25.25734],[77.3761,25.30933],[77.34034,25.31535],[77.36921,25.40166],[77.29199,25.41739],[77.23209,25.37201],[77.20755,25.29996],[77.08172,25.33007],[77.02971,25.2881],[76.94458,25.2761],[76.89947,25.3172],[76.77541,25.30921],[76.73162,25.34542],[76.67017,25.34154],[76.55367,25.44499],[76.47106,25.70165],[76.52144,25.72147],[76.51868,25.78494],[76.58048,25.86203],[76.78687,25.93175],[76.89769,26.08246],[77.02714,26.16078],[77.0948,26.17277],[77.13412,26.22275],[77.21096,26.22307],[77.3666,26.35285],[77.44296,26.35047],[77.43562,26.39179],[77.53672,26.39978],[77.67215,26.49089],[77.72548,26.49038],[77.74439,26.52665],[77.82054,26.53743],[77.82586,26.58368],[77.89286,26.60226],[77.90285,26.64641],[77.99908,26.68204],[78.08844,26.66174],[78.11199,26.78157],[78.18225,26.77043],[78.1723,26.81106],[78.26674,26.80022],[78.2861,26.84321],[78.37166,26.84978]]]}},{"type":"Feature","properties":{"source":"STATE_BOUNDARY","record":19,"part":3},"geometry":{"type":"Polygon","coordinates":[[[75.22288,24.84089],[75.2475,24.87618],[75.20528,24.8899],[75.22288,24.84089]]]}},{"type":"Feature","properties":{"source":"STATE_BOUNDARY","record":19,"part":6},"geometry":{"type":"Polygon","coordinates":[[[79.39836,25.02869],[79.42553,25.05344],[79.35988,25.1387],[79.37939,25.05961],[79.3507,25.06368],[79.35568,25.03541],[79.39836,25.02869]]]}},{"type":"Feature","properties":{"source":"STATE_BOUNDARY","record":20,"part":6},"geometry":{"type":"Polygon","coordinates":[[[74.44004,22.03236],[74.43574,21.98691],[74.52062,21.92111],[74.50199,21.73779],[74.5438,21.73113],[74.57854,21.6768],[74.77946,21.62279],[74.89835,21.64124],[75.05008,21.57716],[75.12264,21.46221],[75.21579,21.4215],[75.29225,21.42671],[75.29567,21.39885],[75.54081,21.3819],[75.88735,21.40795],[76.0464,21.3632],[76.09405,21.38514],[76.1739,21.19835],[76.11094,21.1699],[76.1649,21.09439],[76.27771,21.08564],[76.45325,21.12283],[76.49108,21.20825],[76.62129,21.1994],[76.66072,21.28984],[76.61954,21.34587],[76.78192,21.47527],[76.76133,21.53336],[76.79317,21.60612],[76.89959,21.60904],[77.0713,21.73101],[77.17419,21.73728],[77.2086,21.70136],[77.28544,21.73347],[77.28811,21.77169],[77.47744,21.78129],[77.54049,21.71777],[77.57553,21.56759],[77.60992,21.55133],[77.45322,21.56627],[77.42062,21.5301],[77.47195,21.4674],[77.48642,21.38773],[77.53011,21.43228],[77.58553,21.37627],[77.6034,21.40402],[77.66839,21.38232],[77.69048,21.41081],[77.70849,21.37091],[77.73563,21.37564],[77.79972,21.42278],[77.93984,21.39908],[78.17502,21.51247],[78.1807,21.56976],[78.27273,21.58161],[78.26534,21.60397],[78.36199,21.58753],[78.38584,21.62691],[78.42616,21.6114],[78.44864,21.50826],[78.51067,21.54126],[78.72763,21.47521],[78.75003,21.50574],[78.77533,21.47749],[78.79947,21.50292],[78.936,21.49856],[78.91364,21.60124],[78.97485,21.62974],[79.09337,21.61032],[79.14776,21.67305],[79.22351,21.66075],[79.23068,21.73384],[79.35194,21.68985],[79.49588,21.68603],[79.54031,21.55518],[79.65183,21.56841],[79.73746,21.61603],[79.89117,21.53081],[79.93586,21.56867],[79.9968,21.54616],[80.06673,21.56664],[80.1929,21.64746],[80.25361,21.63682],[80.37744,21.53485],[80.42243,21.45357],[80.39629,21.42131],[80.41251,21.39008],[80.52797,21.40814],[80.59959,21.34075],[80.68201,21.32727],[80.61418,21.24072],[80.46456,21.18946],[80.43943,21.1114],[80.45294,21.05398],[80.42446,21.02417],[80.46394,20.94498],[80.54649,20.95054],[80.55202,20.78064],[80.58803,20.70173],[80.49878,20.65669],[80.49707,20.61986],[80.52188,20.59803],[80.63228,20.61588],[80.59187,20.41166],[80.62676,20.35154],[80.54993,20.328],[80.51915,20.28543],[80.39552,20.26439],[80.42233,20.22639],[80.40208,20.16715],[80.50592,20.16436],[80.55243,20.13803],[80.55717,20.09219],[80.53024,19.9605],[80.41152,19.95953],[80.41415,19.92865],[80.49174,19.92325],[80.50615,19.89205],[80.40196,19.81801],[80.48935,19.79236],[80.48089,19.84914],[80.54656,19.84001],[80.55296,19.78753],[80.67265,19.72304],[80.66576,19.63469],[80.71991,19.63816],[80.89554,19.54293],[80.87593,19.46969],[80.79636,19.45605],[80.8534,19.38806],[80.71122,19.30637],[80.68034,19.35467],[80.61294,19.33397],[80.5763,19.42631],[80.48448,19.364],[80.4487,19.29132],[80.38928,19.26282],[80.3941,19.21292],[80.33329,19.17088],[80.32988,19.09588],[80.27358,19.01937],[80.27042,18.96636],[80.35164,18.84346],[80.24786,18.79165],[80.27259,18.75119],[80.25239,18.73458],[80.1182,18.70844],[79.91398,18.85093],[79.96158,18.89352],[79.94034,19.05799],[79.87102,19.06695],[79.85834,19.12801],[79.94563,19.19416],[79.92469,19.25221],[79.9796,19.41434],[79.94478,19.4934],[79.81434,19.5987],[79.74291,19.63145],[79.62768,19.59619],[79.59589,19.53065],[79.53963,19.57778],[79.47108,19.52361],[79.24307,19.63947],[79.23953,19.55846],[79.20334,19.51753],[79.22309,19.49266],[79.18979,19.48262],[79.09745,19.55527],[78.93976,19.575],[78.97217,19.60535],[78.95488,19.67836],[78.85118,19.68091],[78.84021,19.78388],[78.71833,19.78861],[78.55107,19.84574],[78.48926,19.81451],[78.30593,19.93546],[78.28497,19.86946],[78.33534,19.8595],[78.36362,19.80311],[78.34206,19.7355],[78.26153,19.68758],[78.30447,19.62989],[78.2732,19.57709],[78.30325,19.47979],[78.17501,19.43615],[78.17414,19.26242],[78.04035,19.26824],[77.9438,19.36672],[77.86208,19.32868],[77.90621,19.2929],[77.87003,19.27977],[77.84633,19.2147],[77.84901,19.11422],[77.80852,19.13031],[77.79893,19.07699],[77.76337,19.08846],[77.76055,19.05783],[77.77006,19.00542],[77.85721,18.97554],[77.84187,18.93535],[77.88402,18.93088],[77.94722,18.85692],[77.83856,18.83205],[77.78587,18.71054],[77.75206,18.72879],[77.73705,18.58539],[77.65435,18.55964],[77.6464,18.58354],[77.59482,18.57758],[77.60159,18.50589],[77.54699,18.49767],[77.58375,18.476],[77.52593,18.47134],[77.55519,18.44652],[77.52075,18.37623],[77.56984,18.3388],[77.51094,18.33953],[77.46341,18.29277],[77.43602,18.34028],[77.3641,18.33711],[77.41243,18.42261],[77.37115,18.43056],[77.36394,18.48074],[77.34351,18.46289],[77.31816,18.48717],[77.24,18.442],[77.24462,18.40039],[77.19691,18.34539],[77.21123,18.31045],[77.173,18.31497],[77.1497,18.24753],[77.09574,18.22732],[77.10969,18.18666],[76.94998,18.21874],[76.91853,18.14922],[76.96441,18.12935],[76.95035,18.07169],[76.90366,18.04135],[76.91701,17.94812],[76.80463,17.90299],[76.73789,17.93196],[76.73639,17.88918],[76.78834,17.859],[76.71199,17.81386],[76.72618,17.77073],[76.68872,17.71449],[76.61317,17.80338],[76.58001,17.73862],[76.57052,17.79357],[76.52105,17.79284],[76.4875,17.6941],[76.42691,17.67864],[76.4174,17.63763],[76.32894,17.63137],[76.3649,17.55384],[76.34343,17.52707],[76.3732,17.52478],[76.32834,17.50486],[76.33092,17.46877],[76.36919,17.47128],[76.36111,17.41286],[76.40683,17.40662],[76.38085,17.35008],[76.35169,17.34987],[76.34297,17.38977],[76.27398,17.37001],[76.23969,17.41402],[76.16787,17.38796],[76.17388,17.33641],[76.11648,17.40573],[76.07663,17.36705],[76.01179,17.38886],[75.92822,17.35807],[75.88796,17.39183],[75.88156,17.45292],[75.85824,17.42074],[75.81877,17.45616],[75.79026,17.40493],[75.73087,17.45504],[75.68798,17.44448],[75.63019,17.51183],[75.61072,17.42702],[75.57132,17.41845],[75.60093,17.34109],[75.65495,17.29904],[75.65915,17.25068],[75.62259,17.21034],[75.66953,17.15266],[75.67396,17.10237],[75.63822,17.07469],[75.66694,17.07527],[75.66756,16.99959],[75.57028,17.04688],[75.56483,17.00327],[75.48621,16.98206],[75.46266,17.02575],[75.2766,16.99412],[75.27903,16.91829],[75.21116,16.87992],[75.17878,16.88161],[75.18593,16.91331],[75.13339,16.91252],[75.08621,16.98917],[75.02207,16.96573],[74.92848,16.98238],[74.96037,16.94754],[74.95715,16.91894],[74.89827,16.90065],[74.91691,16.81111],[74.68764,16.75447],[74.65008,16.6782],[74.68361,16.64634],[74.63661,16.64999],[74.56509,16.59372],[74.54102,16.67486],[74.48553,16.66956],[74.46523,16.70303],[74.4632,16.64637],[74.39307,16.62295],[74.37626,16.56859],[74.3121,16.5943],[74.30253,16.54383],[74.2608,16.58037],[74.27458,16.54505],[74.24372,16.53709],[74.28727,16.54503],[74.28565,16.50334],[74.32899,16.49518],[74.33146,16.44213],[74.36012,16.4458],[74.34983,16.40735],[74.31359,16.42185],[74.32134,16.31323],[74.41085,16.32406],[74.50451,16.24413],[74.48081,16.13398],[74.42409,16.15436],[74.35776,16.09656],[74.45972,16.082],[74.38331,15.94857],[74.40263,15.89925],[74.36505,15.93801],[74.33463,15.89879],[74.37953,15.89301],[74.35486,15.81917],[74.23867,15.78772],[74.22985,15.83126],[74.20531,15.82557],[74.08436,15.7174],[74.11017,15.69121],[74.01702,15.6514],[73.96405,15.67575],[73.93489,15.78785],[73.87182,15.79575],[73.85952,15.84298],[73.81705,15.78439],[73.67288,15.7705],[73.58467,15.95158],[73.506,15.98382],[73.45228,16.09539],[73.43549,16.23325],[73.3127,16.55424],[73.34102,16.61231],[73.31318,16.64122],[73.35097,16.65841],[73.31878,16.67796],[73.29874,16.92931],[73.2743,16.93093],[73.29545,17.01927],[73.25107,17.06484],[73.28478,17.11127],[73.1863,17.33489],[73.25447,17.32169],[73.20125,17.42241],[73.16334,17.43805],[73.19431,17.47387],[73.13272,17.59002],[73.12149,17.78586],[72.98589,18.08708],[72.97643,18.22682],[72.92725,18.25081],[72.93352,18.31376],[72.98198,18.31233],[72.90843,18.39123],[72.88917,18.50078],[72.91661,18.57911],[72.85666,18.65782],[72.84646,18.72657],[72.86463,18.83791],[72.94061,18.85341],[72.99144,18.80034],[72.97057,18.86646],[72.99088,18.89829],[72.95646,18.86799],[72.91379,18.88228],[72.89951,18.93103],[72.95464,18.98347],[72.94257,19.013],[72.88072,19.00765],[72.87366,19.04789],[72.79893,18.92544],[72.81899,18.96764],[72.78786,18.97625],[72.83402,19.07234],[72.81239,19.06732],[72.807,19.1705],[72.78142,19.15886],[72.774,19.30346],[72.82532,19.35886],[72.79554,19.34814],[72.74001,19.40203],[72.70343,19.72603],[72.67079,19.73787],[72.67811,19.81522],[72.63723,19.86544],[72.67553,19.88624],[72.65947,19.95446],[72.71726,19.9914],[72.70316,20.09026],[72.73296,20.15422],[72.81982,20.16187],[72.81138,20.20407],[72.8541,20.24415],[72.95742,20.22953],[72.95902,20.14598],[73.00641,20.1545],[73.03569,20.0867],[73.0592,20.11967],[73.1738,20.06739],[73.21353,20.15653],[73.24898,20.14561],[73.29368,20.22809],[73.41224,20.21785],[73.4142,20.34937],[73.37547,20.41201],[73.4894,20.55581],[73.38826,20.66227],[73.44492,20.73396],[73.4704,20.73715],[73.485,20.67284],[73.51628,20.69584],[73.59535,20.65412],[73.64856,20.58247],[73.7405,20.58252],[73.83439,20.63777],[73.80783,20.70896],[73.93872,20.75874],[73.93639,20.8556],[73.88422,20.94923],[73.89732,20.99769],[73.80469,21.04291],[73.8037,21.09973],[73.75614,21.08432],[73.72584,21.09729],[73.73968,21.12986],[73.6143,21.13311],[73.57323,21.18513],[73.71488,21.15431],[73.736,21.1855],[73.81173,21.18833],[73.81884,21.28472],[73.93822,21.31298],[73.93497,21.41818],[74.04073,21.43228],[74.05905,21.48734],[74.09686,21.46057],[74.24981,21.48058],[74.31708,21.51117],[74.32745,21.56482],[74.2918,21.58138],[74.19205,21.54456],[74.17206,21.5813],[74.00192,21.56514],[73.97834,21.53514],[73.95112,21.55328],[73.9478,21.52529],[73.84954,21.51014],[73.77645,21.64057],[73.88402,21.6651],[73.88782,21.7038],[73.79189,21.83569],[74.12438,21.9601],[74.27743,21.94352],[74.38465,22.03071],[74.44004,22.03236]]]}},{"type":"Feature","properties":{"source":"STATE_BOUNDARY","record":20,"part":8},"geometry":{"type":"Polygon","coordinates":[[[74.28124,15.8748],[74.26285,15.842],[74.29874,15.83173],[74.28124,15.8748]]]}},{"type":"Feature","properties":{"source":"STATE_BOUNDARY","record":21,"part":0},"geometry":{"type":"Polygon","coordinates":[[[75.84074,32.46659],[75.93515,32.36111],[75.87071,32.35926],[75.76936,32.25333],[75.6154,32.20173],[75.62071,32.15437],[75.65889,32.15723],[75.66966,32.12367],[75.59175,32.03425],[75.65989,32.04049],[75.90755,31.91535],[75.98369,31.78366],[75.93385,31.78115],[76.01516,31.59957],[76.16564,31.37773],[76.14421,31.32647],[76.17717,31.27422],[76.31982,31.28924],[76.30509,31.30991],[76.351,31.3154],[76.32854,31.36895],[76.36474,31.37169],[76.37223,31.40538],[76.46103,31.26966],[76.43752,31.24652],[76.47668,31.27635],[76.52139,31.22602],[76.58538,31.24202],[76.60955,31.21704],[76.5902,31.17933],[76.63933,31.19104],[76.59446,31.14618],[76.59964,31.09195],[76.63625,31.07646],[76.62267,30.96753],[76.73488,30.91869],[76.85481,30.76444],[76.83526,30.72401],[76.76927,30.7649],[76.7029,30.71282],[76.77464,30.64054],[76.82525,30.65228],[76.84768,30.62708],[76.87429,30.65065],[76.86905,30.61242],[76.92389,30.58049],[76.91403,30.52432],[76.88435,30.5205],[76.9299,30.49297],[76.89541,30.40822],[76.93656,30.35742],[76.89612,30.33025],[76.84461,30.40919],[76.81964,30.3839],[76.77207,30.41437],[76.7388,30.39738],[76.71058,30.36151],[76.74384,30.321],[76.6211,30.23636],[76.5543,30.23425],[76.54329,30.19751],[76.59398,30.22705],[76.65482,30.15924],[76.63311,30.14217],[76.61186,30.17648],[76.64143,30.12248],[76.54138,30.04685],[76.46011,30.07349],[76.42027,30.16434],[76.38469,30.14278],[76.39758,30.08907],[76.34797,30.11911],[76.35772,30.09255],[76.31923,30.06755],[76.20505,30.12923],[76.22168,30.09943],[76.19376,30.09583],[76.26273,30.07126],[76.21135,30.00447],[76.20757,29.91273],[76.16934,29.89945],[76.24123,29.82589],[76.12128,29.76464],[76.0954,29.78425],[76.04113,29.7166],[75.86741,29.7232],[75.83489,29.78665],[75.77593,29.79594],[75.71773,29.78717],[75.70349,29.72707],[75.63947,29.74888],[75.57694,29.71303],[75.45642,29.78117],[75.38897,29.6872],[75.34253,29.67011],[75.35698,29.63685],[75.33056,29.64767],[75.2925,29.59943],[75.30625,29.5355],[75.23209,29.51681],[75.23211,29.57755],[75.16424,29.64439],[75.23834,29.7285],[75.18818,29.81474],[75.15217,29.75065],[75.09739,29.78043],[75.11553,29.80549],[75.08638,29.83206],[75.11137,29.852],[75.08542,29.89038],[75.0666,29.85041],[74.98754,29.84122],[74.92321,29.92355],[74.89369,29.91279],[74.80941,29.96523],[74.70323,29.94993],[74.63807,29.87778],[74.5278,29.92273],[73.89092,29.94702],[73.89985,30.02276],[73.9715,30.09334],[73.95561,30.24192],[73.87555,30.3311],[73.96963,30.41487],[73.92206,30.41],[73.93026,30.46114],[73.95996,30.42747],[74.00789,30.50428],[74.06818,30.49364],[74.09195,30.58199],[74.28251,30.70559],[74.2562,30.74284],[74.29802,30.74909],[74.31645,30.81608],[74.3782,30.82984],[74.362,30.86221],[74.41885,30.87699],[74.41254,30.90942],[74.54238,30.9613],[74.56447,31.02333],[74.59305,31.00637],[74.69225,31.04273],[74.68542,31.09638],[74.59931,31.10194],[74.60693,31.06777],[74.5675,31.04996],[74.50655,31.10024],[74.54787,31.33179],[74.59871,31.38774],[74.65089,31.39321],[74.63275,31.45174],[74.57144,31.46808],[74.61185,31.53564],[74.48276,31.6811],[74.55562,31.72382],[74.6041,31.85582],[74.81549,31.92393],[74.87597,32.01863],[75.00888,32.00064],[75.1195,32.04611],[75.17087,32.03225],[75.19911,32.08482],[75.258,32.06604],[75.31311,32.1723],[75.3692,32.19025],[75.37863,32.23299],[75.31722,32.26132],[75.33794,32.30923],[75.4268,32.27886],[75.48595,32.30932],[75.52912,32.24184],[75.55667,32.32069],[75.71977,32.36914],[75.7268,32.41656],[75.84074,32.46659]]]}},{"type":"Feature","properties":{"source":"STATE_BOUNDARY","record":22,"part":0},"geometry":{"type":"Polygon","coordinates":[[[75.21286,24.88459],[75.2475,24.87618],[75.21945,24.83994],[75.21286,24.88459]]]}},{"type":"Feature","properties":{"source":"STATE_BOUNDARY","record":22,"part":1},"geometry":{"type":"Polygon","coordinates":[[[74.49245,29.91762],[74.52339,29.91602],[74.50601,29.88165],[74.55737,29.84342],[74.47972,29.78721],[74.47407,29.72069],[74.61224,29.72613],[74.57125,29.53896],[74.6182,29.49706],[74.58095,29.43357],[74.53091,29.42284],[74.59921,29.34038],[74.59558,29.30308],[74.65084,29.30854],[74.65456,29.34741],[74.75861,29.32989],[74.84705,29.3789],[74.93481,29.33752],[74.95771,29.25641],[75.04661,29.26188],[75.07217,29.20573],[75.11627,29.19894],[75.18471,29.24407],[75.23513,29.20628],[75.31884,29.26529],[75.34665,29.19984],[75.40755,29.23141],[75.41124,29.16055],[75.36833,29.11453],[75.39901,29.10437],[75.3881,29.03948],[75.4387,29.03431],[75.4426,28.9853],[75.51893,28.98074],[75.50849,28.91932],[75.4703,28.90072],[75.51718,28.81171],[75.50019,28.76047],[75.55849,28.59188],[75.61872,28.58078],[75.6305,28.5234],[75.78542,28.4329],[75.77391,28.37995],[75.91546,28.3517],[76.02362,28.25516],[76.0134,28.21724],[76.0928,28.13153],[76.02908,28.14845],[75.9428,28.08802],[75.98168,28.0282],[76.0381,28.05506],[76.00556,28.03946],[76.01368,28.0117],[75.96999,28.00486],[75.99282,27.98819],[75.96306,27.96501],[75.99721,27.959],[75.96998,27.91429],[75.92959,27.91177],[75.98476,27.88591],[75.96864,27.83394],[76.04539,27.81703],[76.08623,27.84248],[76.17236,27.78029],[76.21476,27.79894],[76.15517,27.97036],[76.21223,28.00779],[76.17781,28.03561],[76.25842,28.04856],[76.29646,28.00394],[76.33988,28.01177],[76.35319,28.05175],[76.29892,28.07877],[76.35738,28.1057],[76.29506,28.12979],[76.28974,28.15976],[76.37926,28.11398],[76.47334,28.12927],[76.49666,28.08109],[76.44542,28.0699],[76.49886,28.04076],[76.45226,28.02347],[76.54147,28.01539],[76.54579,27.94533],[76.66589,27.9951],[76.65488,28.07011],[76.79263,28.12907],[76.80623,28.19128],[76.87277,28.19815],[76.96849,28.11916],[76.92852,27.97471],[76.94024,27.82464],[76.91149,27.81378],[76.89057,27.71596],[76.92264,27.68258],[76.88776,27.6834],[76.90873,27.63753],[76.97732,27.63646],[76.99806,27.71946],[77.08368,27.72058],[77.02456,27.76155],[77.04279,27.80311],[77.13327,27.75741],[77.20017,27.80587],[77.23482,27.7668],[77.2669,27.79709],[77.30103,27.7763],[77.3021,27.6934],[77.33935,27.68601],[77.35079,27.63411],[77.31524,27.58982],[77.35643,27.57211],[77.33819,27.51005],[77.43608,27.44006],[77.43824,27.37437],[77.57714,27.307],[77.6211,27.32047],[77.59704,27.28166],[77.67956,27.17932],[77.61835,27.15856],[77.59622,27.10326],[77.51606,27.08779],[77.51767,27.05211],[77.57005,27.05734],[77.56156,27.01503],[77.62843,26.99595],[77.6782,27.03266],[77.71039,26.98291],[77.758,27.0037],[77.74195,26.96904],[77.42555,26.85049],[77.43095,26.75468],[77.46866,26.75152],[77.45285,26.72884],[77.50088,26.75558],[77.49948,26.83095],[77.52402,26.80549],[77.60873,26.81515],[77.72107,26.86068],[77.75909,26.91872],[77.89507,26.87032],[77.90495,26.90395],[78.01325,26.88915],[78.02514,26.83601],[78.05466,26.85478],[78.04749,26.89634],[78.10992,26.88215],[78.12324,26.93531],[78.27109,26.90535],[78.23145,26.86064],[78.19576,26.86851],[78.22108,26.81789],[78.16749,26.80701],[78.18278,26.7706],[78.10468,26.77564],[78.12226,26.73383],[78.09139,26.66352],[77.99908,26.68204],[77.90285,26.64641],[77.89286,26.60226],[77.82586,26.58368],[77.82054,26.53743],[77.74439,26.52665],[77.72548,26.49038],[77.67215,26.49089],[77.53672,26.39978],[77.43562,26.39179],[77.44296,26.35047],[77.3666,26.35285],[77.21096,26.22307],[77.13412,26.22275],[77.0948,26.17277],[77.02714,26.16078],[76.89769,26.08246],[76.78687,25.93175],[76.58048,25.86203],[76.51868,25.78494],[76.52144,25.72147],[76.47106,25.70165],[76.55367,25.44499],[76.59619,25.38557],[76.72714,25.32211],[76.89947,25.3172],[76.9402,25.27593],[77.02971,25.2881],[77.08172,25.33007],[77.20755,25.29996],[77.23209,25.37201],[77.29199,25.41739],[77.36921,25.40166],[77.34034,25.31535],[77.3761,25.30933],[77.35332,25.25734],[77.4249,25.18229],[77.39126,25.15359],[77.40488,25.10627],[77.30898,25.07457],[77.26819,25.11066],[77.17254,25.10639],[77.08288,25.0491],[76.99706,25.0696],[76.87407,25.03632],[76.85468,24.99758],[76.94653,24.86482],[76.79986,24.80616],[76.85403,24.73884],[76.95193,24.75663],[77.02969,24.70782],[77.06938,24.56994],[76.9756,24.45911],[76.91637,24.47832],[76.91584,24.5408],[76.81427,24.53095],[76.85099,24.46359],[76.83895,24.32081],[76.94537,24.2003],[76.89854,24.12679],[76.79916,24.11608],[76.75577,24.16741],[76.69612,24.16762],[76.67368,24.18989],[76.69058,24.28506],[76.58127,24.24165],[76.57545,24.17827],[76.52512,24.15594],[76.46816,24.22502],[76.4093,24.1995],[76.32047,24.24431],[76.27985,24.20626],[76.21004,24.20888],[76.18298,24.32763],[76.1148,24.19301],[76.12422,24.08827],[75.96078,24.01859],[75.9787,23.92929],[75.77845,23.84944],[75.70324,23.89956],[75.73358,23.85693],[75.71876,23.81269],[75.68726,23.81414],[75.68386,23.75712],[75.65162,23.79937],[75.58052,23.79581],[75.56028,23.85825],[75.45905,23.91515],[75.47168,23.98289],[75.51808,24.02486],[75.5926,23.99002],[75.67147,24.01756],[75.71468,23.96699],[75.77889,24.04229],[75.83396,24.05675],[75.83293,24.09163],[75.79007,24.09137],[75.74814,24.14259],[75.77464,24.20892],[75.82746,24.23258],[75.80794,24.29461],[75.73701,24.33049],[75.72491,24.38857],[75.7866,24.46919],[75.83602,24.41212],[75.90634,24.45275],[75.88512,24.50555],[75.91783,24.51908],[75.91174,24.56942],[75.82207,24.61042],[75.84599,24.64421],[75.83083,24.72824],[75.754,24.7578],[75.60786,24.67705],[75.58003,24.70975],[75.45343,24.67709],[75.21626,24.69908],[75.18119,24.74486],[75.24915,24.8091],[75.22091,24.83977],[75.26978,24.83869],[75.30847,24.79723],[75.4227,24.86479],[75.26027,24.87055],[75.29093,24.90308],[75.27074,24.95931],[75.31532,24.88976],[75.3338,24.95071],[75.30864,24.99049],[75.34725,25.01255],[75.32904,25.03639],[75.16385,25.04327],[75.16534,25.00099],[75.1103,24.96206],[75.11367,24.87394],[75.02973,24.84025],[74.92051,24.87398],[74.83919,24.96409],[74.84594,24.7723],[74.85701,24.79454],[74.99816,24.7707],[75.01271,24.7285],[74.93972,24.63464],[74.88567,24.63069],[74.79631,24.77522],[74.76845,24.6582],[74.81068,24.64696],[74.70521,24.48404],[74.85045,24.4423],[74.74362,24.25218],[74.89371,24.22613],[74.87635,24.17271],[74.90014,24.10872],[74.97897,24.02524],[74.89924,23.87354],[74.90033,23.79528],[74.93705,23.76586],[74.89608,23.68373],[74.93319,23.63057],[74.84342,23.55404],[74.60032,23.45991],[74.51041,23.33134],[74.54307,23.28067],[74.69645,23.27196],[74.68856,23.22299],[74.73866,23.21281],[74.66803,23.2039],[74.50224,23.08966],[74.3825,23.1159],[74.31515,23.06331],[74.237,23.1887],[74.19739,23.19329],[74.17504,23.15148],[74.11759,23.18024],[74.12876,23.26979],[74.03423,23.2969],[73.97023,23.3758],[73.88789,23.33736],[73.82462,23.45037],[73.78217,23.43299],[73.7516,23.45697],[73.71665,23.413],[73.69323,23.4593],[73.623,23.45124],[73.65146,23.6231],[73.5684,23.65541],[73.51879,23.60878],[73.48946,23.63409],[73.50309,23.70444],[73.34744,23.79235],[73.35672,23.87325],[73.41646,23.93109],[73.40032,24.04076],[73.35759,24.10407],[73.32258,24.10861],[73.31295,24.05287],[73.23831,24.00219],[73.18862,24.04072],[73.20872,24.07758],[73.06284,24.19365],[73.13088,24.30684],[73.16468,24.29875],[73.21475,24.36203],[73.14802,24.35203],[73.0719,24.39457],[73.10756,24.45758],[73.08328,24.49513],[73.03059,24.46149],[72.98634,24.47518],[72.94461,24.39615],[72.97288,24.37272],[72.90601,24.33547],[72.84501,24.37013],[72.72603,24.36242],[72.67849,24.46151],[72.571,24.47641],[72.53328,24.51704],[72.4882,24.45674],[72.49544,24.41491],[72.45223,24.41267],[72.43605,24.5127],[72.38351,24.50509],[72.34864,24.5609],[72.29031,24.54385],[72.24123,24.58264],[72.33048,24.59556],[72.34224,24.62528],[72.15959,24.61813],[72.08455,24.65537],[72.05604,24.70852],[71.9885,24.69156],[71.98296,24.65421],[71.93451,24.63059],[71.86634,24.67832],[71.84674,24.60627],[71.80044,24.62357],[71.78606,24.67391],[71.64981,24.63594],[71.60201,24.67313],[71.4735,24.6762],[71.37206,24.62278],[71.34241,24.65758],[71.28202,24.61309],[71.10125,24.67625],[70.93158,24.93385],[70.88258,25.14246],[70.65857,25.38997],[70.65381,25.6938],[70.38056,25.6656],[70.26213,25.70518],[70.09312,25.92878],[70.07673,26.07313],[70.16844,26.24059],[70.16756,26.53913],[70.04953,26.58802],[69.87995,26.56642],[69.78502,26.58577],[69.50324,26.73029],[69.47733,26.79134],[69.50623,26.99556],[69.5798,27.16812],[70.01914,27.54603],[70.1257,27.788],[70.36565,27.99298],[70.49936,28.01808],[70.58306,27.9916],[70.67106,27.90339],[70.67805,27.81015],[70.73348,27.72426],[70.86565,27.6881],[71.19956,27.81736],[71.37721,27.85442],[71.66077,27.85953],[71.89284,27.94262],[71.92187,28.10245],[72.20082,28.3738],[72.29398,28.64811],[72.3855,28.74828],[72.94101,29.00479],[73.27748,29.54661],[73.39238,29.91904],[73.80229,30.04059],[73.9684,30.17018],[73.9715,30.09334],[73.89985,30.02276],[73.89092,29.94702],[74.49245,29.91762]]]}},{"type":"Feature","properties":{"source":"STATE_BOUNDARY","record":23,"part":0},"geometry":{"type":"Polygon","coordinates":[[[78.33457,19.90491],[78.37962,19.90178],[78.39925,19.85562],[78.48926,19.81451],[78.55107,19.84574],[78.71833,19.78861],[78.84021,19.78388],[78.85118,19.68091],[78.95488,19.67836],[78.97217,19.60535],[78.93976,19.575],[79.09745,19.55527],[79.18979,19.48262],[79.22309,19.49266],[79.20334,19.51753],[79.23953,19.55846],[79.24307,19.63947],[79.47108,19.52361],[79.53963,19.57778],[79.59589,19.53065],[79.62768,19.59619],[79.75329,19.63036],[79.91481,19.51928],[79.9797,19.41343],[79.92469,19.25221],[79.94563,19.19416],[79.85834,19.12801],[79.87102,19.06695],[79.94022,19.05854],[79.96158,18.89352],[79.921,18.83743],[80.01856,18.79781],[80.1182,18.70844],[80.28013,18.74844],[80.34835,18.62254],[80.51499,18.64759],[80.73535,18.44225],[80.7492,18.33891],[80.79479,18.28485],[80.73768,18.25256],[80.73738,18.20788],[80.79963,18.19894],[80.83726,18.26929],[80.87317,18.24111],[80.86723,18.16787],[80.97966,18.20614],[80.94987,18.11411],[81.00886,17.8322],[81.10497,17.80499],[81.05884,17.76629],[80.97404,17.81306],[80.92844,17.79482],[80.88611,17.76887],[80.87869,17.68434],[81.0059,17.68244],[80.96993,17.63234],[81.01547,17.55652],[81.09826,17.53875],[81.128,17.56079],[81.14899,17.49838],[81.31322,17.44376],[81.32349,17.40978],[81.27484,17.35275],[81.19117,17.36033],[81.17473,17.26638],[81.05528,17.26095],[81.03193,17.2266],[80.91946,17.25584],[80.92458,17.1943],[80.88,17.19727],[80.87772,17.10739],[80.84585,17.0771],[80.73935,17.11649],[80.6542,17.10585],[80.67098,17.13797],[80.58037,17.18983],[80.51439,17.15899],[80.46514,17.06749],[80.40929,17.12833],[80.38596,17.10517],[80.40729,17.05306],[80.36364,17.01356],[80.49374,16.96548],[80.53502,16.99927],[80.60243,16.95652],[80.56318,16.87143],[80.61336,16.83207],[80.5706,16.80669],[80.46475,16.83397],[80.38437,16.90337],[80.40804,16.88673],[80.38066,16.85613],[80.3219,16.91767],[80.29377,17.03399],[80.21156,17.04785],[80.19658,17.08114],[80.14033,17.028],[80.05547,17.00894],[80.01739,16.9531],[79.99876,16.90362],[80.04687,16.89182],[80.07064,16.84046],[80.05499,16.78375],[79.94972,16.67563],[79.91005,16.67366],[79.87746,16.73667],[79.81715,16.73127],[79.77386,16.76996],[79.72273,16.72969],[79.44684,16.65953],[79.41829,16.62029],[79.25639,16.60595],[79.21436,16.52849],[79.21608,16.26949],[79.15644,16.25148],[79.00892,16.28223],[78.90475,16.22593],[78.92138,16.14711],[78.89494,16.12849],[78.87148,16.18654],[78.83315,16.18704],[78.8396,16.12109],[78.78476,16.06443],[78.73474,16.05151],[78.62642,16.13053],[78.5509,16.08596],[78.40694,16.11778],[78.31126,16.05485],[78.25983,16.06907],[78.25058,15.979],[78.18335,15.95374],[78.17426,15.9023],[78.13289,15.88061],[78.08241,15.88525],[78.03072,15.95129],[78.00768,15.90596],[77.88672,15.95003],[77.80406,15.91841],[77.65781,15.92956],[77.51186,15.9703],[77.49241,16.07985],[77.5117,16.15048],[77.48456,16.20512],[77.5142,16.26569],[77.48849,16.29684],[77.5962,16.3342],[77.59331,16.38428],[77.4881,16.42588],[77.34741,16.42471],[77.23401,16.5131],[77.36734,16.52894],[77.41748,16.56245],[77.39122,16.60978],[77.46579,16.63847],[77.47451,16.68945],[77.43271,16.68077],[77.41722,16.70781],[77.46819,16.72616],[77.47244,16.75552],[77.42443,16.7618],[77.43787,16.82768],[77.4749,16.82692],[77.4524,16.95173],[77.50094,17.05137],[77.46201,17.14672],[77.36204,17.19522],[77.40209,17.24605],[77.37852,17.25861],[77.45691,17.31476],[77.45198,17.40921],[77.52823,17.40595],[77.51141,17.46577],[77.57431,17.46562],[77.6554,17.54094],[77.65587,17.51554],[77.69092,17.53141],[77.59536,17.56862],[77.59226,17.59866],[77.5268,17.60945],[77.50531,17.57655],[77.44149,17.618],[77.4508,17.72812],[77.56698,17.78202],[77.50496,17.81885],[77.65435,18.00072],[77.54606,18.08752],[77.59726,18.12451],[77.5619,18.22673],[77.60389,18.31141],[77.54983,18.32198],[77.56892,18.34804],[77.52114,18.37517],[77.55519,18.44652],[77.52593,18.47134],[77.58375,18.476],[77.54699,18.49767],[77.60159,18.50589],[77.59482,18.57758],[77.6464,18.58354],[77.65435,18.55964],[77.73705,18.58539],[77.75206,18.72879],[77.78587,18.71054],[77.83856,18.83205],[77.94695,18.85619],[77.88402,18.93088],[77.84187,18.93535],[77.85721,18.97554],[77.77006,19.00542],[77.76035,19.05897],[77.76337,19.08846],[77.79893,19.07699],[77.80852,19.13031],[77.84901,19.11422],[77.84633,19.2147],[77.87003,19.27977],[77.90621,19.2929],[77.86208,19.32868],[77.9438,19.36672],[78.04035,19.26824],[78.17414,19.26242],[78.17501,19.43615],[78.30325,19.47979],[78.2732,19.57709],[78.30447,19.62989],[78.26153,19.68758],[78.34206,19.7355],[78.35783,19.82465],[78.2842,19.87809],[78.30593,19.93546],[78.33457,19.90491]]]}},{"type":"Feature","properties":{"source":"STATE_BOUNDARY","record":24,"part":0},"geometry":{"type":"Polygon","coordinates":[[[79.10786,31.40484],[79.24595,31.29766],[79.27135,31.25099],[79.25135,31.21098],[79.29213,31.18926],[79.31701,31.10509],[79.39839,31.07627],[79.42436,30.99928],[79.5187,30.99551],[79.60318,30.90182],[79.75284,30.97674],[79.86262,30.94436],[79.92905,30.8518],[80.05606,30.81103],[80.11099,30.74907],[80.17789,30.77373],[80.21506,30.71895],[80.23983,30.7319],[80.23659,30.66051],[80.19729,30.63233],[80.25794,30.52948],[80.41587,30.49612],[80.53945,30.42028],[80.59842,30.44973],[80.75249,30.36481],[80.82214,30.28718],[81.00624,30.23492],[81.04733,30.18292],[80.95066,30.15043],[80.90336,30.18741],[80.86836,30.14606],[80.87537,30.09887],[80.76156,30.02221],[80.74507,29.97674],[80.67501,29.93029],[80.60226,29.9312],[80.4942,29.76954],[80.43533,29.77967],[80.36667,29.72311],[80.42055,29.61272],[80.40822,29.57053],[80.34271,29.52751],[80.34991,29.49408],[80.28713,29.45203],[80.30199,29.42793],[80.24241,29.41807],[80.31873,29.27927],[80.29393,29.17398],[80.24075,29.1791],[80.27289,29.11887],[80.2332,29.09504],[80.18332,29.11366],[80.14489,29.07882],[80.13551,28.98441],[80.05851,28.89403],[80.06178,28.76116],[79.95437,28.70109],[79.93978,28.76567],[79.87297,28.77519],[79.91546,28.78215],[79.88815,28.8143],[79.8079,28.7788],[79.8495,28.83694],[79.82918,28.86199],[79.70647,28.81873],[79.65581,28.84737],[79.58408,28.82397],[79.55618,28.87674],[79.52145,28.84237],[79.44008,28.83937],[79.37193,28.96457],[79.30679,28.94366],[79.21119,29.0045],[79.17049,28.98887],[79.12627,29.10917],[79.03518,29.14573],[79.02603,29.08899],[78.98165,29.11949],[78.90559,29.10153],[78.87371,29.20633],[78.80655,29.21273],[78.71771,29.2824],[78.76571,29.31303],[78.79508,29.2875],[78.82393,29.34264],[78.84908,29.32042],[78.94161,29.41378],[78.79885,29.43967],[78.61678,29.53274],[78.53167,29.61313],[78.49993,29.70689],[78.33451,29.77033],[78.25855,29.7123],[78.20269,29.71123],[78.19479,29.66683],[78.05614,29.60509],[78.02024,29.55547],[77.9661,29.55468],[77.93188,29.57505],[77.9824,29.61799],[77.95161,29.68144],[77.82856,29.64255],[77.79754,29.66037],[77.7682,29.69165],[77.77314,29.76477],[77.71272,29.84288],[77.79968,30.06798],[77.85894,30.08562],[77.96029,30.21428],[77.72028,30.30176],[77.65503,30.37221],[77.57069,30.37915],[77.82584,30.49988],[77.74159,30.56361],[77.79473,30.58407],[77.791,30.62893],[77.70085,30.71585],[77.75973,30.79565],[77.75667,30.84618],[77.80416,30.82269],[77.81178,30.89107],[77.76125,30.8874],[77.74723,30.92127],[77.76943,30.94334],[77.83682,30.92326],[77.81286,30.93083],[77.80984,31.02777],[77.89985,31.12013],[77.96591,31.14159],[78.02897,31.11928],[78.15895,31.1935],[78.2112,31.18762],[78.30998,31.25094],[78.36918,31.25412],[78.4827,31.16706],[78.60838,31.19727],[78.65707,31.15322],[78.80909,31.16642],[78.88466,31.06724],[79.00823,31.0784],[78.91131,31.22301],[79.01014,31.3246],[79.05842,31.42602],[79.10786,31.40484]]]}},{"type":"Feature","properties":{"source":"STATE_BOUNDARY","record":25,"part":0},"geometry":{"type":"Polygon","coordinates":[[[79.36464,25.13897],[79.42553,25.05344],[79.41266,25.03024],[79.35568,25.03541],[79.3507,25.06368],[79.37939,25.05961],[79.36464,25.13897]]]}},{"type":"Feature","properties":{"source":"STATE_BOUNDARY","record":25,"part":2},"geometry":{"type":"Polygon","coordinates":[[[77.59954,30.37118],[77.65503,30.37221],[77.72028,30.30176],[77.96029,30.21428],[77.85894,30.08562],[77.79968,30.06798],[77.74216,29.95631],[77.74623,29.88442],[77.71256,29.84364],[77.77314,29.76477],[77.7682,29.69165],[77.79754,29.66037],[77.82856,29.64255],[77.94561,29.68655],[77.9824,29.61799],[77.93188,29.57505],[78.02024,29.55547],[78.05614,29.60509],[78.19479,29.66683],[78.20269,29.71123],[78.25855,29.7123],[78.33451,29.77033],[78.49993,29.70689],[78.53167,29.61313],[78.61678,29.53274],[78.79885,29.43967],[78.94161,29.41378],[78.84908,29.32042],[78.82393,29.34264],[78.79508,29.2875],[78.76571,29.31303],[78.71771,29.2824],[78.80655,29.21273],[78.87371,29.20633],[78.90559,29.10153],[78.98165,29.11949],[79.02603,29.08899],[79.03518,29.14573],[79.12627,29.10917],[79.17049,28.98887],[79.21119,29.0045],[79.30679,28.94366],[79.37193,28.96457],[79.42755,28.89717],[79.42518,28.84403],[79.52145,28.84237],[79.55618,28.87674],[79.58408,28.82397],[79.65581,28.84737],[79.70647,28.81873],[79.8179,28.86533],[79.8495,28.83694],[79.80863,28.77791],[79.88815,28.8143],[79.91546,28.78215],[79.87297,28.77519],[79.93978,28.76567],[79.95413,28.70106],[80.03015,28.72675],[80.06541,28.81464],[80.11813,28.80675],[80.25676,28.73234],[80.36124,28.61386],[80.45225,28.60748],[80.51798,28.53092],[80.50627,28.64928],[80.59092,28.65845],[80.58985,28.62658],[80.66808,28.62076],[80.69092,28.5664],[80.76913,28.5448],[80.78973,28.50359],[80.86654,28.46881],[80.89671,28.48617],[80.91604,28.437],[81.01745,28.43068],[81.03454,28.37851],[81.21142,28.34061],[81.23348,28.26924],[81.32184,28.17804],[81.31893,28.11444],[81.37201,28.12421],[81.37445,28.15788],[81.44767,28.14166],[81.47928,28.0637],[81.6996,27.96959],[81.88624,27.83892],[81.92716,27.84179],[81.96966,27.91078],[82.07137,27.90532],[82.12282,27.84778],[82.20981,27.82561],[82.45033,27.66207],[82.70949,27.70547],[82.75764,27.57096],[82.7374,27.48589],[82.93127,27.48473],[83.03663,27.43249],[83.19011,27.43806],[83.31983,27.31446],[83.41165,27.39673],[83.39047,27.46339],[83.6167,27.45312],[83.83344,27.3539],[83.8667,27.33137],[83.83917,27.30654],[83.86195,27.29246],[83.92813,27.30574],[83.90772,27.24223],[83.99689,27.16016],[83.94914,27.07619],[84.03306,27.08296],[84.00277,27.05405],[84.05224,27.02885],[84.03486,26.92723],[84.06301,26.87439],[84.14921,26.87172],[84.16891,26.8203],[84.22234,26.85795],[84.25697,26.84302],[84.24353,26.72568],[84.30877,26.7364],[84.33298,26.67131],[84.41339,26.65752],[84.42269,26.61428],[84.28421,26.58719],[84.08925,26.62656],[84.05085,26.52429],[83.91072,26.50705],[83.91065,26.43539],[84.01954,26.43585],[84.08191,26.3711],[84.17949,26.35933],[84.16901,26.23019],[84.12446,26.24803],[84.08916,26.2081],[84.02193,26.2282],[84.04107,26.19041],[84.01208,26.16514],[84.0587,26.0899],[84.17526,26.01486],[84.17283,25.9781],[84.2099,25.9902],[84.2998,25.9358],[84.35688,25.94934],[84.43053,25.88211],[84.53702,25.86731],[84.53356,25.82276],[84.62768,25.78351],[84.60604,25.75341],[84.63776,25.71958],[84.56334,25.72849],[84.56049,25.67138],[84.54248,25.71837],[84.50235,25.66657],[84.4565,25.70603],[84.40969,25.6902],[84.39465,25.73672],[84.33925,25.7358],[84.32724,25.66294],[84.27973,25.65237],[84.20883,25.66138],[84.15746,25.72088],[84.10781,25.71289],[84.07789,25.68707],[84.08401,25.62838],[83.81911,25.45566],[83.84893,25.42739],[83.7715,25.37962],[83.70416,25.38938],[83.65124,25.33276],[83.54228,25.30939],[83.35949,25.19382],[83.36962,25.11974],[83.32243,25.01229],[83.35205,25.00432],[83.35977,24.86628],[83.39886,24.82826],[83.39531,24.77889],[83.49167,24.73271],[83.52273,24.67417],[83.50282,24.64805],[83.55032,24.61981],[83.50562,24.52283],[83.3992,24.49445],[83.40734,24.40278],[83.45957,24.36274],[83.38262,24.31222],[83.41137,24.265],[83.35629,24.12427],[83.22575,23.9867],[83.21005,23.92177],[83.09343,23.87217],[82.94983,23.87204],[82.81444,23.96008],[82.80604,24.00349],[82.75253,24.01191],[82.77586,24.07592],[82.7157,24.07586],[82.66701,24.12386],[82.74626,24.16465],[82.77548,24.34172],[82.76584,24.37441],[82.71501,24.37836],[82.74539,24.49291],[82.72099,24.54975],[82.80941,24.54629],[82.8049,24.59475],[82.7673,24.59284],[82.77615,24.63862],[82.7085,24.63315],[82.67263,24.69361],[82.54133,24.64467],[82.43107,24.69914],[82.40781,24.67778],[82.41772,24.58829],[82.29833,24.60287],[82.30468,24.66383],[82.2312,24.67845],[82.25243,24.76616],[82.24666,24.74077],[82.20804,24.74354],[82.22279,24.71879],[82.17891,24.72874],[82.2194,24.77288],[82.18571,24.79174],[82.20506,24.8152],[82.11702,24.7806],[82.01829,24.84185],[81.96658,24.823],[81.90411,24.88732],[81.90854,25.00077],[81.79341,24.99951],[81.73266,25.04354],[81.69088,25.03389],[81.66766,25.06988],[81.61251,25.05136],[81.64196,25.09315],[81.62517,25.11459],[81.60939,25.09072],[81.59913,25.12583],[81.6273,25.15483],[81.57963,25.18507],[81.51562,25.17858],[81.53753,25.15491],[81.48104,25.12704],[81.51911,25.09538],[81.49213,25.06711],[81.40821,25.09954],[81.44862,25.10179],[81.43949,25.12484],[81.40086,25.11378],[81.33541,25.16361],[81.32236,25.10735],[81.31431,25.15808],[81.27837,25.16033],[81.26467,25.04764],[81.20973,24.98778],[81.22045,24.92409],[81.16879,24.95057],[81.14036,24.8832],[81.08523,24.94528],[80.95782,24.91338],[80.94664,24.96156],[80.81253,24.91805],[80.79274,24.96017],[80.8523,24.98344],[80.83234,25.02785],[80.87863,25.06029],[80.86902,25.11026],[80.91352,25.15345],[80.88525,25.18217],[80.8387,25.17461],[80.83044,25.09471],[80.80894,25.13126],[80.70486,25.12289],[80.78416,25.07072],[80.77628,25.04969],[80.68019,25.04336],[80.68547,25.07137],[80.60849,25.09309],[80.63865,25.11144],[80.60695,25.14477],[80.61355,25.06051],[80.48304,25.09486],[80.54984,24.99759],[80.49964,25.00132],[80.47898,24.96921],[80.43338,25.01875],[80.50221,25.0322],[80.44995,25.07325],[80.37391,25.05078],[80.38757,24.99943],[80.36319,25.01862],[80.33121,24.98737],[80.27381,25.02098],[80.29073,25.05439],[80.35557,25.0505],[80.37633,25.11093],[80.35479,25.13283],[80.43195,25.1719],[80.40361,25.238],[80.31101,25.28017],[80.31562,25.38215],[80.26401,25.41713],[80.25359,25.39405],[80.20251,25.40719],[80.13118,25.32776],[80.03344,25.33552],[80.00512,25.25957],[79.9483,25.26251],[79.9175,25.22087],[79.90743,25.24482],[79.85128,25.22956],[79.88145,25.1365],[79.85152,25.12307],[79.86144,25.09088],[79.74833,25.13382],[79.60087,25.12201],[79.56907,25.16611],[79.49116,25.0744],[79.46467,25.08275],[79.47689,25.12197],[79.43855,25.09587],[79.42091,25.12991],[79.40534,25.10098],[79.3895,25.16442],[79.44,25.193],[79.4621,25.25853],[79.49412,25.26076],[79.40842,25.25],[79.36817,25.28619],[79.36247,25.25558],[79.3357,25.28185],[79.3518,25.32344],[79.29942,25.33115],[79.26397,25.26279],[79.35043,25.25779],[79.33792,25.19214],[79.27877,25.23869],[79.3132,25.13071],[79.26541,25.11602],[79.24409,25.15342],[79.22364,25.14048],[79.24493,25.10856],[79.19167,25.14064],[79.18545,25.10951],[79.13131,25.10362],[79.09002,25.18502],[79.02873,25.13474],[79.06306,25.21583],[79.01256,25.26787],[78.97416,25.23447],[79.00521,25.18924],[78.95316,25.21304],[78.87965,25.15199],[78.88017,25.24793],[78.97924,25.27284],[78.95992,25.33856],[78.92722,25.31771],[78.88126,25.33712],[78.84888,25.22282],[78.80868,25.26444],[78.82778,25.29642],[78.78697,25.28972],[78.87949,25.37918],[78.9526,25.39317],[78.89568,25.36745],[78.938,25.34045],[78.98866,25.36738],[78.96631,25.42768],[78.90814,25.43544],[78.9432,25.47575],[78.91918,25.50807],[78.95215,25.5301],[78.93866,25.54969],[78.92264,25.52851],[78.8819,25.54645],[78.88363,25.50825],[78.83418,25.49854],[78.86541,25.45858],[78.84338,25.42084],[78.81994,25.43173],[78.84011,25.45443],[78.7355,25.48659],[78.76153,25.41999],[78.82058,25.41569],[78.7489,25.40423],[78.77377,25.34655],[78.72327,25.33745],[78.65805,25.37858],[78.71056,25.42119],[78.65894,25.43468],[78.6349,25.39391],[78.56555,25.38678],[78.58234,25.34044],[78.53102,25.35],[78.5521,25.31324],[78.53021,25.29371],[78.5013,25.31449],[78.43398,25.27793],[78.57695,25.24873],[78.55457,25.20554],[78.59974,25.14978],[78.60152,25.0891],[78.65172,25.04548],[78.63082,24.95303],[78.67568,24.89425],[78.76922,24.85483],[78.78903,24.80702],[78.7512,24.59724],[78.78298,24.58568],[78.88249,24.63815],[78.97084,24.49182],[78.91986,24.49727],[78.91349,24.45736],[78.99298,24.42067],[78.97077,24.3459],[78.90891,24.29653],[78.88111,24.21594],[78.79202,24.17596],[78.76107,24.25826],[78.74959,24.23273],[78.66775,24.23885],[78.58506,24.352],[78.51739,24.38591],[78.41058,24.27029],[78.34695,24.2981],[78.32809,24.32783],[78.3647,24.38408],[78.26854,24.44474],[78.22424,24.51881],[78.26331,24.54949],[78.27555,24.65975],[78.16775,24.85841],[78.33274,24.99065],[78.33753,25.08129],[78.44578,25.11632],[78.42625,25.14838],[78.45723,25.15807],[78.39501,25.18145],[78.40989,25.20678],[78.3587,25.23616],[78.35349,25.28598],[78.3106,25.29698],[78.34269,25.32201],[78.30418,25.37008],[78.35344,25.44495],[78.37657,25.42985],[78.43026,25.4665],[78.44256,25.55565],[78.5868,25.54908],[78.61721,25.57601],[78.65778,25.55235],[78.71647,25.59758],[78.81097,25.61296],[78.81591,25.66823],[78.75202,25.74157],[78.82783,25.78706],[78.81764,25.8202],[78.87169,25.7927],[78.85164,25.84771],[78.88663,25.85951],[78.88389,25.90473],[78.93824,25.93335],[78.94756,26.01802],[79.0114,26.07319],[78.94816,26.11848],[79.00423,26.13776],[78.99299,26.18637],[79.02518,26.18127],[78.98868,26.22428],[79.06281,26.21525],[79.045,26.24949],[79.118,26.28934],[79.13825,26.32634],[79.08363,26.35104],[79.1346,26.42849],[79.05198,26.44203],[79.0675,26.48472],[78.98691,26.57401],[79.0164,26.58865],[79.00311,26.66102],[78.94478,26.64219],[78.95535,26.67888],[78.8716,26.68496],[78.81819,26.74783],[78.72204,26.78399],[78.5759,26.73591],[78.39797,26.8051],[78.36154,26.85563],[78.28135,26.84089],[78.25879,26.80081],[78.19561,26.86587],[78.23145,26.86064],[78.27063,26.90374],[78.223,26.9325],[78.11729,26.93301],[78.10992,26.88215],[78.04749,26.89634],[78.05466,26.85478],[78.02514,26.83601],[78.01325,26.88915],[77.90495,26.90395],[77.89507,26.87032],[77.75834,26.91856],[77.72107,26.86068],[77.60873,26.81515],[77.52402,26.80549],[77.49948,26.83095],[77.48353,26.73495],[77.42961,26.75791],[77.42555,26.85049],[77.76145,26.99261],[77.73616,27.01541],[77.71039,26.98291],[77.6782,27.03266],[77.62843,26.99595],[77.56156,27.01503],[77.57005,27.05734],[77.51767,27.05211],[77.51606,27.08779],[77.59622,27.10326],[77.61835,27.15856],[77.67956,27.17932],[77.59704,27.28166],[77.6211,27.32047],[77.57714,27.307],[77.43779,27.37475],[77.43608,27.44006],[77.33819,27.51005],[77.35643,27.57211],[77.31524,27.58982],[77.35079,27.63411],[77.28109,27.78201],[77.34653,27.83752],[77.4201,27.83636],[77.41838,27.87226],[77.47046,27.86544],[77.48303,27.91657],[77.53493,27.91561],[77.51528,27.95262],[77.54076,27.97048],[77.47254,28.06839],[77.51067,28.10564],[77.5004,28.14182],[77.54797,28.16031],[77.49526,28.18579],[77.52858,28.17908],[77.54875,28.22264],[77.49098,28.23222],[77.50537,28.2857],[77.46949,28.3147],[77.50312,28.34973],[77.47591,28.39857],[77.37868,28.44957],[77.29813,28.53867],[77.3406,28.58759],[77.31443,28.61978],[77.32925,28.69136],[77.28967,28.68444],[77.19737,28.77559],[77.2225,28.8031],[77.18676,28.85762],[77.22477,28.85763],[77.2326,28.88822],[77.19453,28.91551],[77.18719,29.00459],[77.13212,29.07178],[77.15921,29.308],[77.12132,29.34582],[77.15546,29.36272],[77.09438,29.49435],[77.12486,29.53415],[77.08195,29.56361],[77.1546,29.66673],[77.11783,29.73395],[77.17746,29.78672],[77.18604,29.88461],[77.27579,29.97312],[77.27591,30.01453],[77.42208,30.07568],[77.40137,30.08418],[77.42798,30.1362],[77.47366,30.15128],[77.58463,30.28433],[77.60294,30.3388],[77.57436,30.36867],[77.59954,30.37118]]]}},{"type":"Feature","properties":{"source":"STATE_BOUNDARY","record":26,"part":0},"geometry":{"type":"Polygon","coordinates":[[[76.80033,33.21434],[76.84239,33.2028],[76.81576,33.11792],[76.88673,33.07819],[76.92653,32.99293],[77.00739,32.95009],[77.14851,32.93965],[77.15374,32.8733],[77.186,32.8904],[77.3371,32.77884],[77.40268,32.84456],[77.46742,32.82058],[77.68086,32.95024],[77.80909,32.86876],[77.77941,32.82767],[77.92426,32.73422],[77.91716,32.65306],[78.0145,32.58238],[78.1459,32.61662],[78.14108,32.64438],[78.24467,32.63419],[78.31167,32.70212],[78.38687,32.71897],[78.38028,32.61678],[78.40855,32.5859],[78.31237,32.52889],[78.28353,32.43187],[78.32796,32.40679],[78.3984,32.48773],[78.46017,32.467],[78.46447,32.41804],[78.53248,32.37899],[78.45976,32.20588],[78.58697,32.20029],[78.6167,32.07987],[78.78771,31.95833],[78.70895,31.75249],[78.75315,31.65191],[78.79738,31.64809],[78.85254,31.57398],[78.73507,31.4954],[78.7334,31.45201],[78.81195,31.4169],[78.79117,31.36291],[78.85797,31.33386],[78.85385,31.2911],[79.00823,31.0784],[78.88466,31.06724],[78.80909,31.16642],[78.65707,31.15322],[78.60838,31.19727],[78.4827,31.16706],[78.36918,31.25412],[78.30998,31.25094],[78.2112,31.18762],[78.15895,31.1935],[78.02897,31.11928],[77.96591,31.14159],[77.89985,31.12013],[77.80984,31.02777],[77.81286,30.93083],[77.83609,30.92225],[77.77084,30.94335],[77.74745,30.92256],[77.76125,30.8874],[77.81178,30.89107],[77.80416,30.82269],[77.75667,30.84618],[77.75973,30.79565],[77.70219,30.73498],[77.74585,30.65001],[77.791,30.62893],[77.79473,30.58407],[77.74159,30.56361],[77.77249,30.52849],[77.81635,30.53166],[77.82532,30.49852],[77.58452,30.39277],[77.57849,30.3487],[77.51808,30.41648],[77.49698,30.37706],[77.44355,30.36729],[77.42204,30.38198],[77.45726,30.42914],[77.40775,30.38102],[77.35175,30.43178],[77.21158,30.4394],[77.1931,30.49335],[77.11974,30.53356],[77.17182,30.57102],[77.15924,30.66104],[77.09152,30.71224],[77.01545,30.71332],[77.01045,30.77883],[76.94052,30.78704],[76.91474,30.87005],[76.86741,30.84251],[76.82091,30.89735],[76.76963,30.87609],[76.70621,30.93929],[76.62267,30.96753],[76.63625,31.07646],[76.59964,31.09195],[76.59446,31.14618],[76.63933,31.19104],[76.5902,31.17933],[76.60955,31.21704],[76.58538,31.24202],[76.52139,31.22602],[76.47668,31.27635],[76.43752,31.24652],[76.46103,31.26966],[76.37369,31.40467],[76.36474,31.37169],[76.32854,31.36895],[76.351,31.3154],[76.30509,31.30991],[76.31982,31.28924],[76.17717,31.27422],[76.14421,31.32647],[76.16564,31.37773],[76.01516,31.59957],[75.93385,31.78115],[75.98369,31.78366],[75.90755,31.91535],[75.65989,32.04049],[75.59175,32.03425],[75.66966,32.12367],[75.65889,32.15723],[75.62071,32.15437],[75.6154,32.20173],[75.76936,32.25333],[75.87071,32.35926],[75.93515,32.36111],[75.82741,32.47639],[75.92802,32.59447],[75.88295,32.61481],[75.92009,32.70598],[75.7933,32.84605],[75.84227,32.8901],[75.94727,32.83467],[76.08026,32.91679],[76.10447,32.96742],[76.27029,32.9983],[76.28333,33.06341],[76.40137,33.14651],[76.55923,33.17018],[76.63704,33.12247],[76.74453,33.13917],[76.76947,33.21152],[76.80033,33.21434]]]}},{"type":"Feature","properties":{"source":"STATE_BOUNDARY","record":27,"part":0},"geometry":{"type":"Polygon","coordinates":[[[96.16457,29.34885],[96.2466,29.21748],[96.3655,29.26743],[96.39204,29.23014],[96.35319,29.15423],[96.25607,29.14167],[96.11307,29.05528],[96.18253,28.9758],[96.14592,28.91212],[96.17191,28.87488],[96.33807,29.0045],[96.52487,29.05024],[96.47592,28.9598],[96.52066,28.9431],[96.53737,28.85955],[96.62032,28.75735],[96.59062,28.6894],[96.47813,28.65316],[96.4857,28.59998],[96.41119,28.53775],[96.35589,28.53251],[96.3297,28.50458],[96.37323,28.45916],[96.26447,28.38619],[96.37372,28.36558],[96.40663,28.31535],[96.46833,28.39291],[96.65247,28.43668],[96.75224,28.3929],[96.7817,28.34631],[96.90117,28.35771],[96.99917,28.28287],[97.11733,28.32631],[97.18278,28.26528],[97.30702,28.24159],[97.41287,28.17225],[97.33968,28.1304],[97.35903,28.09085],[97.32219,28.05504],[97.39275,28.03986],[97.42472,27.99561],[97.38477,27.94901],[97.38538,27.86155],[97.32074,27.89621],[97.26072,27.88059],[97.10543,27.72209],[97.04771,27.72438],[96.90819,27.59185],[96.94128,27.50715],[96.91468,27.43602],[97.17544,27.12691],[97.15009,27.07594],[97.07496,27.07635],[96.9963,27.13892],[96.88581,27.16519],[96.86615,27.19462],[96.89615,27.24381],[96.80802,27.3294],[96.71618,27.3557],[96.61654,27.34924],[96.53502,27.2706],[96.45176,27.2903],[96.23896,27.26279],[96.03379,27.16464],[95.95672,27.03679],[95.8127,26.99982],[95.73474,26.86813],[95.67756,26.88869],[95.61901,26.7991],[95.55361,26.82152],[95.51785,26.79507],[95.44178,26.68746],[95.26894,26.64273],[95.21973,26.71574],[95.25252,26.76981],[95.1913,26.84255],[95.24258,26.88872],[95.20615,27.02153],[95.25715,27.00947],[95.36513,27.08885],[95.46371,27.11425],[95.46802,27.19324],[95.51966,27.24626],[95.59811,27.20733],[95.81157,27.26837],[95.87003,27.27131],[95.90317,27.23951],[96.02877,27.34672],[95.95195,27.42097],[95.89463,27.38066],[95.89405,27.41875],[95.86175,27.39446],[95.88739,27.52796],[95.80131,27.5829],[95.79868,27.66429],[95.76201,27.70361],[95.93565,27.86331],[95.98124,27.94414],[95.61571,27.93602],[95.5305,27.86296],[95.38985,27.82109],[95.31898,27.8498],[94.93364,27.73271],[94.47137,27.53842],[94.4413,27.58331],[94.37358,27.55744],[94.28692,27.57247],[94.24772,27.61573],[94.21893,27.58791],[94.27792,27.50396],[94.16625,27.45819],[93.81541,27.13663],[93.84008,27.05131],[93.78242,27.04452],[93.67428,26.95414],[93.49821,26.92196],[93.3331,26.94576],[93.03064,26.89933],[92.89531,26.98527],[92.66895,27.0239],[92.65316,26.97236],[92.59184,26.94526],[92.1282,26.87504],[92.1263,26.96004],[92.03126,27.09462],[92.08074,27.21761],[92.04615,27.24282],[92.13318,27.2663],[92.07275,27.31107],[92.02751,27.46146],[91.77494,27.44824],[91.70298,27.48863],[91.66035,27.46645],[91.57416,27.56603],[91.57191,27.62411],[91.63644,27.68187],[91.65331,27.74554],[91.62253,27.80376],[91.57383,27.80054],[91.5834,27.84602],[91.6711,27.83472],[91.71778,27.78994],[91.8287,27.79789],[91.87023,27.72195],[91.9358,27.70493],[92.22696,27.85119],[92.28588,27.85077],[92.32113,27.77051],[92.42472,27.81239],[92.46472,27.79603],[92.51185,27.83568],[92.56473,27.80622],[92.75109,27.9737],[92.67515,28.04456],[92.69658,28.10792],[92.82348,28.1912],[92.84483,28.15939],[92.97153,28.2385],[93.00614,28.20949],[93.03121,28.2901],[93.22696,28.30572],[93.23323,28.38479],[93.18943,28.41405],[93.28679,28.48019],[93.34246,28.61737],[93.45515,28.65285],[93.47969,28.63088],[93.50536,28.66404],[93.53164,28.63726],[93.74925,28.66263],[93.79355,28.64153],[93.86005,28.68501],[93.94514,28.64425],[94.01987,28.75047],[93.99625,28.78131],[94.01681,28.81809],[94.17414,28.93435],[94.23383,29.06417],[94.44801,29.19895],[94.56067,29.19652],[94.641,29.31649],[94.7514,29.25027],[94.81426,29.1384],[94.88885,29.15097],[95.02385,29.1063],[94.98553,29.13256],[95.00303,29.14672],[95.11671,29.09507],[95.25215,29.08681],[95.2705,29.03051],[95.42119,29.00704],[95.47703,29.04282],[95.49158,29.11912],[95.54134,29.10658],[95.53756,29.19139],[95.78769,29.33677],[95.79294,29.31659],[95.87261,29.37009],[95.95273,29.36265],[96.07833,29.44061],[96.16457,29.34885]]]}},{"type":"Feature","properties":{"source":"STATE_BOUNDARY","record":28,"part":3},"geometry":{"type":"Polygon","coordinates":[[[95.9816,27.9441],[95.93565,27.86331],[95.76201,27.70361],[95.79868,27.66429],[95.80131,27.5829],[95.88739,27.52796],[95.86175,27.39446],[95.89405,27.41875],[95.89463,27.38066],[95.95195,27.42097],[96.02855,27.34641],[95.90317,27.23951],[95.87003,27.27131],[95.81157,27.26837],[95.59811,27.20733],[95.51929,27.24609],[95.46802,27.19324],[95.46371,27.11425],[95.36513,27.08885],[95.25715,27.00947],[95.20268,27.02087],[95.02489,26.90781],[94.93356,26.93204],[94.76828,26.7525],[94.63015,26.69887],[94.60691,26.7212],[94.60371,26.68402],[94.54906,26.69297],[94.47002,26.64862],[94.47524,26.62018],[94.41276,26.59796],[94.40576,26.51448],[94.32625,26.44625],[94.2944,26.54853],[94.26593,26.52877],[94.18127,26.41785],[94.18409,26.32894],[94.11454,26.30853],[94.01048,26.16153],[93.96236,25.99302],[93.98807,25.90719],[93.80472,25.7999],[93.77468,25.95997],[93.76054,25.9232],[93.6907,25.89492],[93.72351,25.83532],[93.65528,25.81329],[93.50604,25.64683],[93.33589,25.53919],[93.39918,25.45304],[93.46719,25.42375],[93.4795,25.29843],[93.39006,25.23331],[93.34127,25.0879],[93.25272,25.01303],[93.2706,24.95775],[93.2056,24.80689],[93.15822,24.78324],[93.11816,24.80723],[93.07985,24.59741],[93.11308,24.57924],[93.06687,24.57074],[93.05031,24.4107],[92.96787,24.38986],[92.9179,24.41077],[92.8381,24.37164],[92.77148,24.5183],[92.69326,24.34456],[92.63316,24.33217],[92.62068,24.25195],[92.55923,24.24574],[92.54253,24.179],[92.47375,24.13533],[92.42741,24.19073],[92.43079,24.25348],[92.22098,24.24845],[92.28225,24.38616],[92.22083,24.501],[92.30422,24.7326],[92.24103,24.89551],[92.30762,24.911],[92.40836,24.84425],[92.49625,24.8668],[92.49594,24.9419],[92.45757,24.93393],[92.47649,24.95807],[92.42463,24.98484],[92.48896,25.10266],[92.54779,25.09345],[92.53013,25.13358],[92.62986,25.10934],[92.67193,25.17068],[92.81146,25.20999],[92.77041,25.24021],[92.7951,25.30816],[92.74654,25.37238],[92.66208,25.42632],[92.61506,25.40612],[92.60527,25.46246],[92.57289,25.45777],[92.6513,25.52712],[92.66111,25.58348],[92.58091,25.54956],[92.56257,25.60674],[92.514,25.60825],[92.45263,25.71115],[92.39291,25.74617],[92.16429,25.66387],[92.15925,25.80765],[92.23376,25.89974],[92.16289,25.90156],[92.16059,25.93473],[92.28313,26.05549],[92.17757,26.06742],[92.14076,26.03418],[91.9971,26.02851],[91.92513,25.9866],[91.87526,26.03198],[91.88715,26.08768],[91.83334,26.10901],[91.73912,26.04911],[91.72797,25.94398],[91.67843,25.89477],[91.61695,25.92975],[91.64841,25.95364],[91.64018,26.00988],[91.58762,26.02326],[91.50948,25.91481],[91.54469,25.92171],[91.48606,25.87817],[91.53817,25.86203],[91.34296,25.83147],[91.28122,25.73727],[91.22845,25.71336],[91.18576,25.76858],[91.20334,25.85223],[91.01339,25.81142],[91.03795,25.87653],[90.97621,25.87595],[90.95478,25.93853],[90.92416,25.90466],[90.89183,25.94074],[90.81631,25.94286],[90.77101,25.89843],[90.74578,25.90646],[90.75521,25.9472],[90.72486,25.94553],[90.62505,25.88853],[90.63356,25.92702],[90.59064,25.94912],[90.5221,25.88709],[90.54118,25.95021],[90.48577,26.00376],[90.43606,25.97908],[90.37545,26.00086],[90.33382,25.9644],[90.19147,25.93428],[90.12631,25.94864],[90.01746,25.87515],[90.00395,25.82806],[89.95552,25.81747],[89.94394,25.73654],[89.90137,25.7364],[89.95712,25.64745],[90.03558,25.59748],[89.88498,25.54268],[89.85884,25.45863],[89.88841,25.61785],[89.82313,25.80541],[89.89371,25.93569],[89.83198,25.93599],[89.87766,25.97103],[89.84245,26.00277],[89.82686,25.97793],[89.814,26.03403],[89.79461,26.00935],[89.80143,26.07734],[89.70512,26.18053],[89.73977,26.20124],[89.70691,26.20767],[89.7387,26.22696],[89.70914,26.2469],[89.74212,26.25052],[89.72682,26.29669],[89.76469,26.27669],[89.75808,26.30961],[89.86605,26.37196],[89.83695,26.38485],[89.87988,26.43947],[89.86957,26.7239],[90.14672,26.74037],[90.2014,26.75993],[90.2374,26.84517],[90.30725,26.83453],[90.36363,26.88673],[90.42364,26.89058],[90.55373,26.80309],[90.72451,26.75493],[91.06152,26.76758],[91.10505,26.8084],[91.34489,26.76744],[91.41534,26.82591],[91.50286,26.77773],[91.69768,26.7929],[91.83213,26.85023],[91.86712,26.8993],[92.06486,26.83364],[92.12255,26.87962],[92.59184,26.94526],[92.65316,26.97236],[92.66895,27.0239],[92.89531,26.98527],[93.03064,26.89933],[93.33171,26.9457],[93.59584,26.93619],[93.84008,27.05131],[93.81541,27.13663],[94.16625,27.45819],[94.27792,27.50396],[94.21893,27.58791],[94.24772,27.61573],[94.28692,27.57247],[94.37358,27.55744],[94.4413,27.58331],[94.47137,27.53842],[94.93364,27.73271],[95.31898,27.8498],[95.38985,27.82109],[95.5305,27.86296],[95.61571,27.93602],[95.9816,27.9441]]]}},{"type":"Feature","properties":{"source":"STATE_BOUNDARY","record":29,"part":2},"geometry":{"type":"Polygon","coordinates":[[[94.59419,25.67641],[94.56361,25.49625],[94.68518,25.43846],[94.58537,25.20787],[94.74644,25.1289],[94.75399,25.03186],[94.70639,24.96339],[94.72321,24.92945],[94.69774,24.88336],[94.6416,24.835],[94.61484,24.70847],[94.55935,24.70893],[94.53887,24.61464],[94.41265,24.47261],[94.4072,24.40494],[94.33668,24.32571],[94.16334,23.85354],[94.13002,23.83334],[94.09363,23.88168],[93.93969,23.95017],[93.81653,23.92711],[93.76332,24.00508],[93.63238,24.01055],[93.60066,23.96047],[93.56876,23.98185],[93.51371,23.94216],[93.42584,24.07075],[93.35768,24.10392],[93.34096,24.05257],[93.26244,24.02083],[93.25821,24.08007],[93.2292,24.08287],[93.21872,24.04784],[93.1492,24.08737],[93.10814,24.04287],[93.08722,24.10106],[92.98121,24.1119],[93.0492,24.34002],[93.01751,24.41009],[93.05176,24.41417],[93.06697,24.57096],[93.11308,24.57924],[93.07985,24.59741],[93.11816,24.80723],[93.15822,24.78324],[93.20574,24.80711],[93.2706,24.95775],[93.25272,25.01303],[93.34127,25.0879],[93.40261,25.24835],[93.47965,25.29845],[93.51007,25.2362],[93.56503,25.23963],[93.61444,25.19304],[93.69604,25.35349],[93.81437,25.45657],[93.80952,25.48933],[93.77044,25.48835],[93.77484,25.53046],[93.9696,25.54273],[94.02226,25.58422],[94.09424,25.52248],[94.14673,25.51037],[94.20158,25.54059],[94.218,25.48861],[94.29428,25.50036],[94.30726,25.47718],[94.42618,25.52871],[94.43489,25.57878],[94.59419,25.67641]]]}},{"type":"Feature","properties":{"source":"STATE_BOUNDARY","record":30,"part":0},"geometry":{"type":"Polygon","coordinates":[[[91.84177,26.10538],[91.88715,26.08768],[91.87526,26.03198],[91.92513,25.9866],[91.9971,26.02851],[92.14076,26.03418],[92.17757,26.06742],[92.28313,26.05549],[92.16059,25.93473],[92.16289,25.90156],[92.23376,25.89974],[92.15925,25.80765],[92.16885,25.66054],[92.23258,25.70748],[92.39291,25.74617],[92.45263,25.71115],[92.514,25.60825],[92.56257,25.60674],[92.58091,25.54956],[92.66181,25.58288],[92.6513,25.52712],[92.57289,25.45777],[92.60527,25.46246],[92.61506,25.40612],[92.66208,25.42632],[92.74654,25.37238],[92.7951,25.30816],[92.77041,25.24021],[92.81146,25.20999],[92.67193,25.17068],[92.62986,25.10934],[92.53013,25.13358],[92.54779,25.09345],[92.48913,25.10282],[92.4726,25.03213],[92.34972,25.04317],[92.35679,25.06801],[92.23571,25.08814],[92.08191,25.17895],[91.76388,25.17155],[91.75548,25.13438],[91.7116,25.15415],[91.64568,25.11686],[91.60984,25.13694],[91.61749,25.17111],[91.47867,25.12786],[91.27554,25.20117],[90.86927,25.1518],[90.78756,25.18016],[90.74044,25.14911],[90.67313,25.15995],[90.67054,25.19184],[90.44805,25.13876],[90.33714,25.18784],[90.12487,25.21735],[89.97332,25.29721],[89.83775,25.28958],[89.83201,25.40634],[89.89255,25.50047],[89.88378,25.54134],[90.03558,25.59748],[89.95712,25.64745],[89.90137,25.7364],[89.94394,25.73654],[89.95552,25.81747],[90.0216,25.84171],[90.01407,25.87176],[90.12277,25.94745],[90.19147,25.93428],[90.33382,25.9644],[90.37545,26.00086],[90.43606,25.97908],[90.48577,26.00376],[90.54118,25.95021],[90.5221,25.88709],[90.59064,25.94912],[90.63356,25.92702],[90.62505,25.88853],[90.72486,25.94553],[90.75521,25.9472],[90.74578,25.90646],[90.77101,25.89843],[90.81631,25.94286],[90.89183,25.94074],[90.92416,25.90466],[90.95478,25.93853],[90.97621,25.87595],[91.03795,25.87653],[91.01339,25.81142],[91.20334,25.85223],[91.18576,25.76858],[91.22845,25.71336],[91.28122,25.73727],[91.34296,25.83147],[91.53817,25.86203],[91.48606,25.87817],[91.54469,25.92171],[91.50948,25.91481],[91.58762,26.02326],[91.64018,26.00988],[91.64841,25.95364],[91.61695,25.92975],[91.67843,25.89477],[91.72797,25.94398],[91.73969,26.04985],[91.84177,26.10538]]]}},{"type":"Feature","properties":{"source":"STATE_BOUNDARY","record":31,"part":0},"geometry":{"type":"Polygon","coordinates":[[[92.77208,24.51829],[92.83788,24.37174],[92.9179,24.41077],[93.03368,24.38982],[93.03058,24.21643],[92.9815,24.11165],[93.08722,24.10106],[93.10814,24.04287],[93.14928,24.08737],[93.21872,24.04784],[93.2292,24.08287],[93.25934,24.07966],[93.26244,24.02083],[93.29601,24.0521],[93.34635,24.04067],[93.33772,23.98458],[93.40315,23.92435],[93.40042,23.75759],[93.4458,23.68829],[93.39686,23.44883],[93.4105,23.38651],[93.36459,23.35482],[93.39444,23.13785],[93.30229,23.01111],[93.23818,23.01629],[93.1933,23.06394],[93.13446,23.04522],[93.17321,22.91565],[93.13982,22.91128],[93.10334,22.81188],[93.10407,22.67886],[93.14895,22.59904],[93.11516,22.53414],[93.19395,22.43577],[93.21045,22.27103],[93.15072,22.25402],[93.15945,22.18517],[93.11964,22.2128],[93.04677,22.20385],[93.06813,22.11056],[93.01306,22.11289],[93.01593,21.99225],[92.96073,22.03939],[92.9123,21.95019],[92.87183,22.07219],[92.70809,22.16412],[92.68805,22.02134],[92.61147,21.98759],[92.61092,22.07063],[92.57086,22.13721],[92.61401,22.1326],[92.61749,22.17302],[92.5299,22.56686],[92.53696,22.67159],[92.52143,22.73887],[92.48205,22.75223],[92.45743,22.90028],[92.37993,22.94123],[92.40055,23.0609],[92.36616,23.10749],[92.35493,23.23922],[92.41238,23.24418],[92.28115,23.64319],[92.29908,23.69211],[92.26865,23.80927],[92.34025,23.9095],[92.31944,23.95805],[92.34479,24.14719],[92.30118,24.24693],[92.43079,24.25348],[92.44467,24.15202],[92.48696,24.14106],[92.54253,24.179],[92.55923,24.24574],[92.62068,24.25195],[92.63316,24.33217],[92.69326,24.34456],[92.77208,24.51829]]]}},{"type":"Feature","properties":{"source":"STATE_BOUNDARY","record":32,"part":0},"geometry":{"type":"Polygon","coordinates":[[[95.20313,27.01764],[95.24258,26.88872],[95.1913,26.84255],[95.25252,26.76981],[95.21973,26.71574],[95.24403,26.66894],[95.15913,26.60303],[95.07211,26.43811],[95.14231,26.3661],[95.12802,26.09062],[95.19608,26.06277],[95.02184,25.88827],[95.05905,25.7505],[94.94598,25.65919],[94.89167,25.58299],[94.90847,25.55739],[94.85585,25.55402],[94.79334,25.47287],[94.76129,25.4863],[94.68518,25.43846],[94.62634,25.45494],[94.56351,25.49657],[94.56094,25.57202],[94.60359,25.62884],[94.58101,25.68344],[94.51484,25.6055],[94.43457,25.5785],[94.42618,25.52871],[94.30726,25.47718],[94.29428,25.50036],[94.218,25.48861],[94.20158,25.54059],[94.14673,25.51037],[94.09424,25.52248],[94.02226,25.58422],[93.9696,25.54273],[93.84444,25.55381],[93.77456,25.53032],[93.77044,25.48835],[93.80952,25.48933],[93.81437,25.45657],[93.69604,25.35349],[93.61943,25.19742],[93.56165,25.24102],[93.51007,25.2362],[93.4575,25.33345],[93.48262,25.37229],[93.46719,25.42375],[93.39918,25.45304],[93.33589,25.53919],[93.50604,25.64683],[93.65528,25.81329],[93.72351,25.83532],[93.6907,25.89492],[93.76054,25.9232],[93.77468,25.95997],[93.80472,25.7999],[93.98807,25.90719],[93.96236,25.99302],[94.01048,26.16153],[94.11454,26.30853],[94.18409,26.32894],[94.18127,26.41785],[94.26593,26.52877],[94.2944,26.54853],[94.32625,26.44625],[94.40576,26.51448],[94.41276,26.59796],[94.47524,26.62018],[94.47002,26.64862],[94.54906,26.69297],[94.60371,26.68402],[94.60691,26.7212],[94.63015,26.69887],[94.76828,26.7525],[94.93229,26.9314],[95.02489,26.90781],[95.20313,27.01764]]]}},{"type":"Feature","properties":{"source":"STATE_BOUNDARY","record":33,"part":0},"geometry":{"type":"Polygon","coordinates":[[[88.6567,28.07762],[88.76224,28.05686],[88.84229,27.99597],[88.84294,27.91031],[88.88867,27.87247],[88.85439,27.65069],[88.76969,27.54821],[88.79878,27.5122],[88.7885,27.43331],[88.92524,27.31216],[88.91377,27.26146],[88.80905,27.23239],[88.74453,27.12046],[88.69393,27.1642],[88.54876,27.16804],[88.43865,27.06458],[88.30791,27.11439],[88.15729,27.09477],[88.10218,27.11789],[88.08463,27.18587],[88.01775,27.20065],[88.07239,27.31996],[88.04702,27.35695],[88.08053,27.41697],[88.04954,27.47928],[88.20274,27.77333],[88.17914,27.80262],[88.20747,27.82443],[88.14054,27.86338],[88.13492,27.93083],[88.40478,27.95937],[88.5014,28.03493],[88.55662,28.01864],[88.55836,28.06229],[88.62521,28.07887],[88.61582,28.10936],[88.6567,28.07762]]]}},{"type":"Feature","properties":{"source":"STATE_BOUNDARY","record":34,"part":0},"geometry":{"type":"Polygon","coordinates":[[[92.17902,24.52779],[92.23864,24.49728],[92.28225,24.38616],[92.22098,24.24845],[92.30646,24.25116],[92.33997,24.18157],[92.33345,23.87011],[92.28247,23.84936],[92.2736,23.72588],[92.23071,23.65429],[92.17779,23.74072],[92.07132,23.64653],[92.00835,23.67209],[91.9862,23.73416],[91.95858,23.72735],[91.9783,23.48063],[91.94455,23.46901],[91.9505,23.43754],[91.85281,23.40741],[91.77018,23.30617],[91.8436,23.09728],[91.78228,23.07403],[91.78837,23.03371],[91.72835,22.99225],[91.65313,22.98987],[91.6256,22.94361],[91.55009,23.00423],[91.49846,23.16158],[91.51513,23.18753],[91.45817,23.22308],[91.46177,23.26383],[91.42585,23.25888],[91.41647,23.28853],[91.38828,23.21216],[91.42352,23.06711],[91.35444,23.10657],[91.29731,23.3217],[91.32756,23.36306],[91.29853,23.35367],[91.25678,23.49249],[91.16988,23.59684],[91.16369,23.67214],[91.20683,23.64812],[91.21595,23.68774],[91.16162,23.68973],[91.16446,23.74309],[91.22646,23.73752],[91.26154,23.83778],[91.24046,23.92711],[91.28369,23.92269],[91.29217,23.98197],[91.38707,23.97523],[91.38216,24.10702],[91.59376,24.07202],[91.64565,24.10219],[91.6729,24.23215],[91.69604,24.16106],[91.76718,24.1406],[91.75283,24.24553],[91.8242,24.20867],[91.85257,24.22442],[91.91365,24.13768],[91.94875,24.26653],[91.92791,24.33556],[91.96475,24.35464],[92.00392,24.32023],[91.97487,24.37767],[92.00441,24.39149],[92.12996,24.38012],[92.14487,24.42263],[92.17722,24.42542],[92.17902,24.52779]]]}},{"type":"Feature","properties":{"source":"STATE_BOUNDARY","record":35,"part":20},"geometry":{"type":"Polygon","coordinates":[[[86.04942,22.57464],[86.12065,22.49455],[86.28543,22.4564],[86.43457,22.31592],[86.50105,22.35549],[86.53705,22.30945],[86.64849,22.27733],[86.65862,22.24509],[86.72938,22.22693],[86.72412,22.15656],[86.7983,22.16671],[86.83822,22.10823],[86.96927,22.09533],[87.0313,22.04693],[87.00431,21.92373],[87.03763,21.88108],[87.10258,21.87764],[87.10175,21.92442],[87.1661,21.94529],[87.17511,21.99007],[87.25423,21.94634],[87.239,21.9116],[87.28214,21.81604],[87.44888,21.78045],[87.47407,21.74393],[87.48968,21.62331],[87.37469,21.56575],[87.25474,21.56912],[87.12315,21.52964],[86.89701,21.33204],[86.83597,21.22911],[86.86076,21.21979],[86.85523,21.1022],[86.98542,20.87308],[86.94868,20.78299],[86.99703,20.78672],[87.00459,20.71471],[87.06284,20.73353],[86.7638,20.51832],[86.72875,20.41235],[86.78097,20.4235],[86.78319,20.37532],[86.80247,20.38264],[86.77947,20.3501],[86.52806,20.19314],[86.39358,19.97615],[85.78477,19.80277],[85.38448,19.6262],[84.93339,19.30081],[84.76934,19.10383],[84.70583,19.14333],[84.71301,19.18491],[84.59849,19.15784],[84.66413,19.08881],[84.62129,19.09163],[84.59711,19.04826],[84.57581,19.09944],[84.48178,19.01465],[84.42393,19.04799],[84.45529,19.00223],[84.42707,18.97367],[84.44088,18.94702],[84.38175,18.93087],[84.39496,18.9031],[84.36307,18.92126],[84.37704,18.88828],[84.33332,18.90998],[84.36666,18.86414],[84.32404,18.8138],[84.22903,18.826],[84.09209,18.78425],[84.04108,18.84357],[83.89567,18.84163],[83.79713,19.04401],[83.74727,19.01418],[83.79033,18.94246],[83.75628,18.95168],[83.71187,19.02876],[83.73242,19.04797],[83.70252,19.05144],[83.62837,19.18791],[83.58676,19.08338],[83.55133,19.10621],[83.53898,19.03558],[83.50319,19.04668],[83.51398,19.09606],[83.47021,19.11874],[83.46406,18.98117],[83.40266,19.03548],[83.31278,19.02482],[83.32864,18.95849],[83.35059,18.95283],[83.3569,18.99361],[83.38956,18.95949],[83.35559,18.95712],[83.41695,18.90179],[83.40807,18.86952],[83.28645,18.82513],[83.27346,18.79207],[83.22668,18.80247],[83.21452,18.75811],[83.14105,18.81269],[83.05999,18.6933],[83.01507,18.67415],[83.0024,18.63629],[83.05475,18.62903],[83.04731,18.57284],[83.09703,18.57529],[83.02289,18.48539],[83.06928,18.45939],[83.05645,18.40956],[82.94161,18.3905],[82.89605,18.41113],[82.89686,18.45343],[82.80494,18.47844],[82.77587,18.37011],[82.64435,18.33204],[82.63937,18.26708],[82.58296,18.34511],[82.62291,18.3894],[82.53716,18.4356],[82.56304,18.47769],[82.52104,18.4947],[82.53379,18.53984],[82.48435,18.57736],[82.36573,18.45089],[82.38708,18.39715],[82.33468,18.36877],[82.39391,18.35635],[82.39387,18.32799],[82.34617,18.31068],[82.31232,18.23466],[82.37384,18.17904],[82.34126,18.1807],[82.34224,18.08619],[82.28455,18.10463],[82.26946,18.0317],[82.18921,18.04635],[82.17023,18.08336],[82.03363,18.10063],[81.96422,18.03096],[81.81105,17.98296],[81.72672,17.91125],[81.6708,17.91889],[81.61827,17.855],[81.3927,17.84816],[81.40109,17.92587],[81.44556,17.9181],[81.4839,18.00865],[81.52622,18.28797],[81.6633,18.35114],[81.66021,18.37633],[81.75118,18.38249],[81.77001,18.44647],[81.91024,18.56677],[81.91192,18.59916],[81.9649,18.61886],[81.89499,18.6855],[81.9502,18.67183],[81.97225,18.72645],[82.08632,18.7463],[82.09293,18.79317],[82.16683,18.82588],[82.17755,18.92935],[82.2475,18.9457],[82.20367,19.09242],[82.21985,19.12288],[82.16749,19.15812],[82.18755,19.19158],[82.15982,19.28986],[82.19554,19.35029],[82.14912,19.39593],[82.18024,19.40312],[82.19086,19.45133],[82.12751,19.45288],[82.10161,19.53991],[82.03039,19.53111],[82.06688,19.81249],[81.98723,19.82286],[81.96941,19.88135],[81.85436,19.93962],[81.87064,20.06174],[81.94764,20.12526],[82.03388,20.03633],[82.07181,20.07734],[82.18567,20.00497],[82.23857,20.024],[82.34576,19.8566],[82.44758,19.93137],[82.60512,19.8884],[82.57746,19.85499],[82.59349,19.79777],[82.65388,19.85376],[82.71315,19.86155],[82.71721,20.01664],[82.59741,20.01231],[82.39985,20.07856],[82.38735,20.16634],[82.43939,20.31351],[82.40194,20.36043],[82.43945,20.45275],[82.33375,20.57958],[82.37804,20.64971],[82.34324,20.78433],[82.35272,20.90567],[82.46609,20.84525],[82.49036,20.92523],[82.63051,21.05318],[82.61369,21.08964],[82.65163,21.12125],[82.64233,21.1694],[82.88406,21.16299],[82.96687,21.20759],[83.00572,21.18139],[82.99234,21.15441],[83.13353,21.12059],[83.20019,21.16001],[83.22506,21.2797],[83.27344,21.28683],[83.27086,21.39193],[83.40897,21.36491],[83.34006,21.51479],[83.3849,21.6322],[83.4449,21.66729],[83.45837,21.62212],[83.49189,21.64348],[83.42093,21.69241],[83.4916,21.75681],[83.47167,21.79876],[83.49519,21.8294],[83.54336,21.81045],[83.53418,21.84193],[83.59324,21.86197],[83.57655,21.88585],[83.60829,21.92466],[83.54133,21.97626],[83.53904,22.05335],[83.60879,22.07634],[83.56415,22.1085],[83.63201,22.21568],[83.6939,22.25296],[83.76022,22.24919],[83.8668,22.3516],[84.01293,22.37976],[84.04991,22.47689],[83.98269,22.50989],[84.00024,22.53838],[84.14341,22.48156],[84.15886,22.41572],[84.29816,22.34935],[84.43104,22.36153],[84.53918,22.43525],[84.75286,22.42691],[84.76244,22.45524],[84.81569,22.46067],[84.91345,22.43118],[85.063,22.49401],[85.08001,22.36444],[85.11936,22.30265],[85.07394,22.28231],[85.03497,22.14248],[84.99022,22.09247],[85.09822,22.11787],[85.12342,22.07989],[85.17726,22.06118],[85.18397,22.08292],[85.23973,22.01982],[85.28477,22.10003],[85.36793,22.13314],[85.37459,22.17023],[85.54662,22.10007],[85.65533,22.10501],[85.6886,22.06401],[85.81124,22.12557],[85.83969,22.0898],[85.79724,22.09145],[85.76677,22.00622],[85.91076,21.98034],[86.03539,22.19992],[85.9778,22.25586],[86.05118,22.31742],[86.00196,22.34989],[86.03116,22.39428],[85.96104,22.47248],[86.04942,22.57464]]]}},{"type":"Feature","properties":{"source":"STATE_BOUNDARY","record":36,"part":2},"geometry":{"type":"Polygon","coordinates":[[[88.51416,21.60428],[88.54278,21.5902],[88.54114,21.54005],[88.49032,21.56452],[88.51416,21.60428]]]}},{"type":"Feature","properties":{"source":"STATE_BOUNDARY","record":36,"part":4},"geometry":{"type":"Polygon","coordinates":[[[88.83979,21.62006],[88.91181,21.5599],[88.83695,21.56349],[88.83979,21.62006]]]}},{"type":"Feature","properties":{"source":"STATE_BOUNDARY","record":36,"part":6},"geometry":{"type":"Polygon","coordinates":[[[88.54453,21.6508],[88.59259,21.61798],[88.56152,21.57263],[88.51758,21.61369],[88.52798,21.67023],[88.54453,21.6508]]]}},{"type":"Feature","properties":{"source":"STATE_BOUNDARY","record":36,"part":12},"geometry":{"type":"Polygon","coordinates":[[[88.31482,21.71639],[88.35688,21.68896],[88.32329,21.61727],[88.31482,21.71639]]]}},{"type":"Feature","properties":{"source":"STATE_BOUNDARY","record":36,"part":13},"geometry":{"type":"Polygon","coordinates":[[[88.21177,21.68224],[88.23784,21.6563],[88.21881,21.61085],[88.18552,21.69566],[88.21544,21.72442],[88.21177,21.68224]]]}},{"type":"Feature","properties":{"source":"STATE_BOUNDARY","record":36,"part":15},"geometry":{"type":"Polygon","coordinates":[[[88.75551,21.66143],[88.8058,21.60335],[88.72114,21.58468],[88.6982,21.7316],[88.75551,21.66143]]]}},{"type":"Feature","properties":{"source":"STATE_BOUNDARY","record":36,"part":17},"geometry":{"type":"Polygon","coordinates":[[[88.42066,21.73662],[88.43746,21.63242],[88.40243,21.60206],[88.38642,21.67464],[88.40974,21.7281],[88.37424,21.73839],[88.40132,21.76591],[88.42066,21.73662]]]}},{"type":"Feature","properties":{"source":"STATE_BOUNDARY","record":36,"part":18},"geometry":{"type":"Polygon","coordinates":[[[88.39317,21.77402],[88.36875,21.73733],[88.4,21.72471],[88.36253,21.69809],[88.34913,21.7661],[88.39317,21.77402]]]}},{"type":"Feature","properties":{"source":"STATE_BOUNDARY","record":36,"part":21},"geometry":{"type":"Polygon","coordinates":[[[88.60958,21.73698],[88.5749,21.78132],[88.62452,21.75054],[88.60958,21.73698]]]}},{"type":"Feature","properties":{"source":"STATE_BOUNDARY","record":36,"part":23},"geometry":{"type":"Polygon","coordinates":[[[88.61403,21.7957],[88.63539,21.76275],[88.61655,21.7163],[88.62737,21.75139],[88.59301,21.76846],[88.61403,21.7957]]]}},{"type":"Feature","properties":{"source":"STATE_BOUNDARY","record":36,"part":24},"geometry":{"type":"Polygon","coordinates":[[[88.42769,21.82156],[88.47699,21.80354],[88.47705,21.68557],[88.43951,21.61577],[88.43801,21.71591],[88.3889,21.78884],[88.42769,21.82156]]]}},{"type":"Feature","properties":{"source":"STATE_BOUNDARY","record":36,"part":25},"geometry":{"type":"Polygon","coordinates":[[[88.5853,21.72884],[88.61425,21.69313],[88.6083,21.62455],[88.5318,21.67461],[88.52175,21.79845],[88.54876,21.82268],[88.57604,21.80425],[88.5853,21.72884]]]}},{"type":"Feature","properties":{"source":"STATE_BOUNDARY","record":36,"part":27},"geometry":{"type":"Polygon","coordinates":[[[88.48873,21.84577],[88.50546,21.8223],[88.46947,21.81125],[88.48873,21.84577]]]}},{"type":"Feature","properties":{"source":"STATE_BOUNDARY","record":36,"part":29},"geometry":{"type":"Polygon","coordinates":[[[88.15391,21.86051],[88.1766,21.75145],[88.13952,21.69016],[88.1504,21.65086],[88.06256,21.65127],[88.04661,21.68725],[88.0821,21.78858],[88.13118,21.87886],[88.15391,21.86051]]]}},{"type":"Feature","properties":{"source":"STATE_BOUNDARY","record":36,"part":32},"geometry":{"type":"Polygon","coordinates":[[[88.56732,21.90777],[88.55759,21.82757],[88.53648,21.85844],[88.56732,21.90777]]]}},{"type":"Feature","properties":{"source":"STATE_BOUNDARY","record":36,"part":34},"geometry":{"type":"Polygon","coordinates":[[[88.65425,21.92828],[88.67575,21.92286],[88.65022,21.79903],[88.5976,21.80869],[88.59043,21.85578],[88.65425,21.92828]]]}},{"type":"Feature","properties":{"source":"STATE_BOUNDARY","record":36,"part":35},"geometry":{"type":"Polygon","coordinates":[[[88.94317,21.92518],[89.03726,21.87465],[89.02536,21.77735],[89.0995,21.67541],[89.07406,21.62935],[89.03239,21.66994],[89.02968,21.61496],[88.96001,21.63914],[88.92668,21.7736],[88.9288,21.6442],[88.88994,21.67292],[88.88303,21.77781],[88.84084,21.7939],[88.85895,21.89945],[88.82478,21.93961],[88.94317,21.92518]]]}},{"type":"Feature","properties":{"source":"STATE_BOUNDARY","record":36,"part":36},"geometry":{"type":"Polygon","coordinates":[[[88.57357,21.96869],[88.61562,21.93509],[88.58925,21.9022],[88.55547,21.93339],[88.54998,21.981],[88.57357,21.96869]]]}},{"type":"Feature","properties":{"source":"STATE_BOUNDARY","record":36,"part":37},"geometry":{"type":"Polygon","coordinates":[[[88.12863,22.0302],[88.13056,22.00601],[88.09093,22.01618],[88.12863,22.0302]]]}},{"type":"Feature","properties":{"source":"STATE_BOUNDARY","record":36,"part":38},"geometry":{"type":"Polygon","coordinates":[[[88.60882,22.00122],[88.61603,21.93966],[88.58211,21.97084],[88.60882,22.00122]]]}},{"type":"Feature","properties":{"source":"STATE_BOUNDARY","record":36,"part":39},"geometry":{"type":"Polygon","coordinates":[[[88.9495,22.01085],[89.01567,21.99041],[88.99446,21.96127],[89.0182,21.91349],[88.93467,21.95537],[88.9495,22.01085]]]}},{"type":"Feature","properties":{"source":"STATE_BOUNDARY","record":36,"part":40},"geometry":{"type":"Polygon","coordinates":[[[89.82577,26.32757],[89.82503,26.30718],[89.79928,26.32975],[89.82577,26.32757]]]}},{"type":"Feature","properties":{"source":"STATE_BOUNDARY","record":36,"part":41},"geometry":{"type":"Polygon","coordinates":[[[88.04037,27.20568],[88.14214,27.09982],[88.30791,27.11439],[88.43865,27.06458],[88.54876,27.16804],[88.69741,27.16326],[88.73486,27.12133],[88.8737,27.09761],[88.88313,26.93028],[88.92771,26.97962],[88.94996,26.92011],[89.02767,26.92662],[89.10184,26.87783],[89.14065,26.79417],[89.26865,26.80028],[89.38531,26.84846],[89.47592,26.78924],[89.56662,26.79936],[89.65709,26.76296],[89.63027,26.70538],[89.75938,26.72216],[89.77796,26.68801],[89.86998,26.68785],[89.88926,26.57093],[89.86274,26.50626],[89.87988,26.43947],[89.83695,26.38485],[89.86605,26.37196],[89.75808,26.30961],[89.76469,26.27669],[89.72635,26.29613],[89.74509,26.25893],[89.70914,26.2469],[89.7387,26.22696],[89.70691,26.20767],[89.73977,26.20124],[89.70512,26.18053],[89.74309,26.16222],[89.7079,26.14129],[89.69256,26.21983],[89.64092,26.21859],[89.65648,26.17956],[89.63428,26.1733],[89.66515,26.16565],[89.61391,26.16855],[89.60305,26.12465],[89.63683,26.10796],[89.60033,26.09193],[89.63643,26.09679],[89.65638,26.05243],[89.61185,26.0537],[89.59161,25.96625],[89.56242,25.95562],[89.5473,25.99612],[89.43507,26.00246],[89.43017,26.03695],[89.3991,25.99741],[89.35534,26.00055],[89.26062,26.05408],[89.27302,26.08246],[89.23564,26.11353],[89.16153,26.12822],[89.14709,26.225],[89.10623,26.26843],[89.11084,26.30459],[89.12826,26.27607],[89.14245,26.30888],[89.0896,26.31112],[89.10237,26.3796],[89.00009,26.40117],[88.97118,26.44595],[88.91078,26.39683],[88.91611,26.35835],[88.96446,26.35027],[88.96205,26.31872],[88.99327,26.33697],[89.00179,26.27915],[89.06556,26.28233],[89.05677,26.23079],[88.96334,26.22944],[88.90425,26.27757],[88.86735,26.26166],[88.88383,26.22256],[88.84767,26.21991],[88.79948,26.2988],[88.67206,26.25171],[88.68097,26.30886],[88.75239,26.31116],[88.75176,26.33572],[88.70862,26.32311],[88.68685,26.36792],[88.70813,26.37691],[88.62958,26.42305],[88.6287,26.45917],[88.56669,26.44462],[88.49073,26.52846],[88.44165,26.53278],[88.41493,26.62219],[88.33748,26.46986],[88.36045,26.43523],[88.37688,26.47622],[88.49096,26.4484],[88.52897,26.34915],[88.48807,26.33836],[88.46342,26.36519],[88.35528,26.27122],[88.35612,26.20968],[88.18277,26.13765],[88.16386,26.06974],[88.1887,26.01694],[88.14518,26.00314],[88.09171,25.90815],[88.11992,25.78917],[88.15696,25.76689],[88.2751,25.79936],[88.27205,25.77375],[88.40732,25.66438],[88.45948,25.65679],[88.45001,25.58909],[88.50561,25.57618],[88.54567,25.50088],[88.61485,25.50885],[88.70532,25.46395],[88.71335,25.49249],[88.77472,25.49117],[88.76455,25.51774],[88.81643,25.51565],[88.8461,25.35702],[88.93543,25.29763],[89.01547,25.2926],[89.01365,25.25735],[88.96093,25.24712],[88.96776,25.20307],[88.92904,25.15912],[88.84967,25.20778],[88.81174,25.16464],[88.7173,25.20167],[88.5713,25.16926],[88.50482,25.20439],[88.44933,25.19136],[88.4583,25.03171],[88.40444,24.9406],[88.34647,24.93593],[88.33617,24.86578],[88.2816,24.8933],[88.26377,24.87316],[88.2316,24.95492],[88.14347,24.93149],[88.18047,24.85584],[88.07368,24.76528],[88.01409,24.66446],[88.14617,24.50862],[88.33953,24.3794],[88.45205,24.3766],[88.53279,24.34256],[88.56082,24.29178],[88.57338,24.32493],[88.70237,24.31368],[88.74124,24.27501],[88.7523,24.14621],[88.69896,24.11048],[88.7633,24.03181],[88.73484,23.996],[88.77476,23.98216],[88.74403,23.98294],[88.73919,23.91129],[88.67333,23.86996],[88.58132,23.86211],[88.60783,23.81799],[88.5617,23.78516],[88.5865,23.7616],[88.56387,23.65077],[88.59945,23.64247],[88.58575,23.60481],[88.65125,23.6111],[88.65998,23.55823],[88.7472,23.48214],[88.80661,23.49949],[88.80113,23.44566],[88.77011,23.45082],[88.75504,23.4034],[88.77123,23.3709],[88.7378,23.35508],[88.75107,23.31114],[88.70211,23.30564],[88.72465,23.25838],[88.7956,23.22211],[88.81728,23.25966],[89.00166,23.21848],[88.8743,23.10542],[88.88561,23.01116],[88.85092,23.01467],[88.86528,22.94834],[88.90013,22.95711],[88.9153,22.88533],[88.97437,22.85069],[88.91687,22.76382],[88.96826,22.70138],[88.93299,22.65629],[89.00204,22.47652],[88.99038,22.33499],[89.03023,22.30687],[89.001,22.29477],[89.07757,22.20585],[89.07702,22.15649],[89.10468,22.16106],[89.04378,22.10371],[89.08281,22.01834],[89.07393,21.94198],[89.00329,21.96049],[89.0363,22.01102],[88.99418,21.9845],[88.95946,22.02211],[88.92365,21.99101],[88.9083,22.01382],[88.91019,21.93825],[88.80564,21.93712],[88.84559,21.89693],[88.82725,21.79256],[88.8705,21.77267],[88.85137,21.63107],[88.81025,21.64904],[88.82036,21.72222],[88.76844,21.71351],[88.79959,21.74836],[88.7616,21.74668],[88.75586,21.78167],[88.7869,21.83606],[88.75125,21.78441],[88.78332,21.73272],[88.76228,21.7145],[88.8157,21.71601],[88.8137,21.67442],[88.75051,21.67258],[88.69945,21.75662],[88.7572,22.01619],[88.68431,21.95338],[88.63637,21.96459],[88.62916,22.02139],[88.57686,22.01043],[88.57951,21.97128],[88.54049,21.97888],[88.57436,21.91457],[88.54663,21.9179],[88.54436,21.87394],[88.52421,21.88624],[88.54232,21.86696],[88.42356,21.91311],[88.48859,21.88269],[88.46541,21.80314],[88.42293,21.82412],[88.32625,21.72025],[88.2884,21.80055],[88.2669,21.74355],[88.3066,21.69407],[88.28983,21.61278],[88.31573,21.59381],[88.28189,21.56899],[88.22384,21.62793],[88.22067,21.78919],[88.15509,21.96711],[88.22855,22.08032],[88.19339,22.19706],[88.07808,22.2184],[88.08991,22.26502],[88.06586,22.21471],[87.96115,22.27835],[88.012,22.21159],[88.14202,22.19325],[88.18878,22.10397],[88.06097,22.03008],[87.9733,21.86553],[87.81018,21.71497],[87.48968,21.62331],[87.45043,21.77939],[87.28155,21.81654],[87.23654,21.96729],[87.17511,21.99007],[87.1661,21.94529],[87.10175,21.92442],[87.10258,21.87764],[87.04021,21.87988],[87.00431,21.92373],[87.0313,22.04693],[86.96252,22.09813],[86.83822,22.10823],[86.7983,22.16671],[86.72412,22.15656],[86.72938,22.22693],[86.80688,22.22646],[86.79672,22.27497],[86.80846,22.25236],[86.81807,22.27605],[86.89085,22.26595],[86.89231,22.30596],[86.8366,22.33558],[86.85085,22.40706],[86.76631,22.43952],[86.75431,22.4905],[86.80685,22.51043],[86.7704,22.5822],[86.66341,22.58215],[86.64242,22.66961],[86.54885,22.72894],[86.51561,22.71142],[86.42184,22.7897],[86.4714,22.90536],[86.43958,22.93049],[86.53028,22.9528],[86.54992,22.99525],[86.52549,22.97578],[86.3079,23.02085],[86.1891,23.01029],[86.15031,23.07951],[86.05525,23.10993],[86.04851,23.14844],[85.89843,23.15928],[85.82352,23.27171],[85.88696,23.35395],[85.87469,23.3918],[85.90644,23.40005],[85.86777,23.43412],[85.87388,23.4775],[86.05784,23.48954],[86.02026,23.5495],[86.04606,23.58887],[86.16242,23.5621],[86.15289,23.46785],[86.2497,23.46194],[86.25152,23.414],[86.31473,23.41422],[86.30994,23.43757],[86.38368,23.47619],[86.39239,23.57599],[86.46608,23.63206],[86.71939,23.70029],[86.80354,23.69049],[86.83289,23.7613],[86.80927,23.83758],[86.83106,23.81478],[86.87877,23.84798],[86.89486,23.82131],[86.8848,23.86293],[86.92014,23.88293],[86.94976,23.84756],[86.97786,23.86934],[87.1265,23.79757],[87.17177,23.82531],[87.13779,23.87075],[87.23848,23.85775],[87.22132,23.83245],[87.2435,23.8272],[87.24993,23.90857],[87.27397,23.87511],[87.29987,23.90273],[87.2502,24.04475],[87.34199,24.03405],[87.33303,23.99858],[87.46534,23.98382],[87.44327,24.01339],[87.51696,24.03556],[87.50259,24.11829],[87.56494,24.08147],[87.61528,24.13178],[87.58118,24.16039],[87.69953,24.1494],[87.70372,24.18679],[87.63945,24.24037],[87.71101,24.26005],[87.80629,24.38024],[87.83336,24.49607],[87.79933,24.49858],[87.81379,24.54391],[87.77639,24.58006],[87.85463,24.55102],[87.91855,24.59045],[87.88108,24.61211],[87.91941,24.63448],[87.893,24.67656],[87.91362,24.71799],[87.8216,24.75588],[87.84146,24.78625],[87.84262,24.76194],[87.87448,24.77114],[87.87437,24.82051],[87.90554,24.81997],[87.89659,24.85176],[87.96814,24.92987],[87.94584,24.98592],[87.77956,25.11581],[87.79589,25.21562],[87.84529,25.19557],[87.82957,25.23043],[87.86766,25.26782],[87.80117,25.31967],[87.76952,25.4062],[87.93303,25.52966],[88.05465,25.47872],[88.08194,25.5007],[88.02564,25.58336],[88.06066,25.62981],[88.05354,25.6896],[87.90947,25.76249],[87.92119,25.80755],[87.89333,25.82175],[87.92,25.84492],[87.83508,25.86155],[87.81261,25.92048],[87.8437,25.92211],[87.8612,26.0261],[87.93337,26.07297],[87.95084,26.05077],[87.99099,26.06759],[87.98026,26.133],[88.07727,26.16368],[88.29938,26.34038],[88.23776,26.36812],[88.27515,26.40878],[88.2299,26.47],[88.1854,26.47567],[88.23103,26.54445],[88.13553,26.50392],[88.10895,26.52632],[88.1658,26.62378],[88.19338,26.75853],[88.17948,26.85162],[88.12562,26.93662],[88.1399,26.97199],[88.04328,27.02185],[87.99629,27.09083],[88.04037,27.20568]]]}},{"type":"Feature","properties":{"source":"STATE_BOUNDARY","record":37,"part":4},"geometry":{"type":"Polygon","coordinates":[[[79.75666,11.07542],[79.85144,11.06678],[79.85064,10.90169],[79.80782,10.92931],[79.82848,10.95731],[79.7892,10.98181],[79.75614,10.96523],[79.72453,11.00296],[79.71952,11.04152],[79.76382,11.03282],[79.75666,11.07542]]]}},{"type":"Feature","properties":{"source":"STATE_BOUNDARY","record":37,"part":10},"geometry":{"type":"Polygon","coordinates":[[[75.53555,11.83087],[75.55259,11.78987],[75.52824,11.77675],[75.53555,11.83087]]]}},{"type":"Feature","properties":{"source":"STATE_BOUNDARY","record":37,"part":11},"geometry":{"type":"Polygon","coordinates":[[[79.73755,11.91067],[79.80694,11.90125],[79.79574,11.85377],[79.71274,11.85885],[79.73755,11.91067]]]}},{"type":"Feature","properties":{"source":"STATE_BOUNDARY","record":37,"part":12},"geometry":{"type":"Polygon","coordinates":[[[79.65274,11.91035],[79.67109,11.88275],[79.64083,11.89062],[79.65274,11.91035]]]}},{"type":"Feature","properties":{"source":"STATE_BOUNDARY","record":37,"part":15},"geometry":{"type":"Polygon","coordinates":[[[79.63388,11.94853],[79.65768,11.9203],[79.60175,11.92547],[79.59916,11.95047],[79.63388,11.94853]]]}},{"type":"Feature","properties":{"source":"STATE_BOUNDARY","record":37,"part":18},"geometry":{"type":"Polygon","coordinates":[[[79.74669,12.07426],[79.76028,12.05602],[79.72333,12.04394],[79.75012,11.98714],[79.81249,12.04478],[79.84054,12.02281],[79.8077,11.90432],[79.76601,11.90826],[79.76838,11.94343],[79.75024,11.9156],[79.70964,11.95671],[79.6738,11.94817],[79.69601,11.98641],[79.71102,11.95812],[79.74054,11.97276],[79.69147,12.01836],[79.74669,12.07426]]]}},{"type":"Feature","properties":{"source":"STATE_BOUNDARY","record":37,"part":21},"geometry":{"type":"Polygon","coordinates":[[[79.62794,12.09882],[79.65078,12.08843],[79.64243,12.0092],[79.67049,11.99874],[79.63629,11.96877],[79.62794,12.09882]]]}},{"type":"Feature","properties":{"source":"STATE_BOUNDARY","record":37,"part":22},"geometry":{"type":"Polygon","coordinates":[[[79.69682,12.09916],[79.71781,12.05723],[79.65681,12.05819],[79.69682,12.09916]]]}},{"type":"Feature","properties":{"source":"STATE_BOUNDARY","record":37,"part":23},"geometry":{"type":"Polygon","coordinates":[[[79.85704,12.07348],[79.84968,12.11776],[79.87357,12.10853],[79.85704,12.07348]]]}},{"type":"Feature","properties":{"source":"STATE_BOUNDARY","record":37,"part":24},"geometry":{"type":"Polygon","coordinates":[[[82.23318,16.79483],[82.21901,16.7717],[82.30697,16.78691],[82.31187,16.75765],[82.26818,16.73368],[82.19474,16.76056],[82.23318,16.79483]]]}},{"type":"Feature","properties":{"source":"STATE_BOUNDARY","record":39,"part":43},"geometry":{"type":"Polygon","coordinates":[[[78.19408,8.84196],[78.1245,8.75222],[78.12945,8.58508],[78.06271,8.50664],[78.06609,8.46202],[77.80159,8.32992],[77.74334,8.26706],[77.57564,8.22711],[77.54985,8.16879],[77.31417,8.21232],[77.09431,8.38259],[77.1789,8.41275],[77.14938,8.47333],[77.22642,8.53572],[77.20068,8.58932],[77.26004,8.59426],[77.2822,8.63458],[77.16829,8.82844],[77.22802,8.87097],[77.2549,8.96338],[77.19109,9.01171],[77.14482,9.10674],[77.19575,9.13174],[77.26515,9.23658],[77.28133,9.38453],[77.41082,9.5909],[77.36395,9.61686],[77.35952,9.68361],[77.33787,9.65484],[77.31618,9.68386],[77.26805,9.6543],[77.16413,9.69415],[77.24498,9.87804],[77.21655,9.98379],[77.27118,10.04333],[77.19961,10.18447],[77.2661,10.19978],[77.2933,10.29548],[77.25804,10.30778],[77.23395,10.42901],[77.17489,10.43516],[76.9806,10.29768],[76.9097,10.31275],[76.87122,10.37557],[76.82837,10.38068],[76.84685,10.44488],[76.81442,10.49983],[76.84116,10.61291],[76.80814,10.69927],[76.88056,10.7147],[76.86566,10.76944],[76.90531,10.85681],[76.84623,10.89271],[76.82636,10.94549],[76.65704,11.00372],[76.70886,11.11128],[76.79889,11.12644],[76.74412,11.12729],[76.74629,11.20781],[76.68752,11.2314],[76.7294,11.28707],[76.69623,11.31094],[76.62765,11.26579],[76.43643,11.27055],[76.54363,11.37128],[76.54573,11.4295],[76.50603,11.42477],[76.41649,11.51189],[76.24526,11.53849],[76.23076,11.6401],[76.27661,11.67009],[76.3001,11.64055],[76.35233,11.65853],[76.50895,11.7735],[76.57463,11.68356],[76.84499,11.66366],[76.83305,11.72424],[76.90609,11.86322],[76.96805,11.84495],[77.01109,11.88247],[77.11592,11.7895],[77.10896,11.84158],[77.24817,11.88088],[77.42565,11.82906],[77.49325,12.01093],[77.67425,12.01901],[77.77418,12.18447],[77.72629,12.24718],[77.49116,12.26288],[77.47045,12.31511],[77.61533,12.43272],[77.63316,12.55141],[77.58218,12.54265],[77.61485,12.57286],[77.57885,12.61501],[77.59738,12.72988],[77.73852,12.73568],[77.80717,12.85868],[77.79109,12.90438],[77.83467,12.93184],[77.92804,12.9523],[77.91727,12.89232],[77.95106,12.91871],[77.99396,12.86776],[78.02264,12.9181],[78.05235,12.9154],[78.13308,12.84401],[78.22985,12.82283],[78.20948,12.74869],[78.27001,12.76756],[78.37041,12.69008],[78.46396,12.687],[78.46695,12.73857],[78.51909,12.77448],[78.48815,12.80426],[78.55498,12.76269],[78.55473,12.81799],[78.59165,12.84472],[78.63259,12.99289],[78.65618,12.99325],[78.62004,13.05203],[78.65538,13.09172],[78.70447,13.07589],[78.71372,13.12901],[78.89089,13.15725],[78.89095,13.0936],[78.93645,13.09098],[78.90299,13.10816],[78.92327,13.14107],[78.99438,13.14683],[79.08033,13.08631],[79.1626,13.08089],[79.19249,13.10716],[79.18015,13.14448],[79.23395,13.16534],[79.20954,13.20831],[79.23445,13.23056],[79.30676,13.16563],[79.36011,13.18354],[79.37364,13.24887],[79.43808,13.24779],[79.45295,13.2978],[79.40805,13.32443],[79.44508,13.36019],[79.3815,13.36639],[79.43508,13.41035],[79.53702,13.39737],[79.53431,13.33449],[79.579,13.31699],[79.6822,13.35489],[79.70252,13.28181],[79.73715,13.29586],[79.75969,13.26695],[79.7946,13.3014],[79.73355,13.34783],[79.93797,13.41414],[79.96273,13.44976],[79.93453,13.47471],[79.97332,13.48785],[79.9724,13.52703],[80.04665,13.55148],[79.9986,13.60023],[80.08131,13.60721],[80.07824,13.54664],[80.1393,13.56201],[80.24196,13.52858],[80.26892,13.622],[80.32622,13.49979],[80.34548,13.33896],[80.25956,12.99568],[80.25531,12.84475],[80.15719,12.53218],[79.87357,12.10853],[79.84968,12.11776],[79.84054,12.02281],[79.81249,12.04478],[79.75012,11.98714],[79.72333,12.04394],[79.76028,12.05602],[79.74634,12.07438],[79.69147,12.01836],[79.74054,11.97276],[79.71102,11.95812],[79.69601,11.98641],[79.67364,11.95902],[79.70982,11.95663],[79.71873,11.92092],[79.76384,11.94446],[79.76805,11.90653],[79.80809,11.91294],[79.76999,11.89042],[79.73657,11.9119],[79.71218,11.85952],[79.79574,11.85377],[79.75689,11.62559],[79.8425,11.42143],[79.85373,11.05614],[79.74855,11.07606],[79.76382,11.03282],[79.71901,11.03026],[79.75614,10.96523],[79.7892,10.98181],[79.82848,10.95731],[79.80782,10.92931],[79.85241,10.90108],[79.88037,10.38174],[79.77996,10.34973],[79.74857,10.39138],[79.76752,10.34907],[79.54385,10.40182],[79.39553,10.39561],[79.29803,10.34061],[79.21862,10.19083],[79.26566,10.11792],[79.11072,9.97242],[79.12029,9.93512],[79.01255,9.82533],[78.89767,9.57195],[78.93569,9.49084],[79.06869,9.379],[79.21071,9.36659],[79.32893,9.40319],[79.32359,9.34702],[79.43567,9.24257],[79.20872,9.36573],[78.97873,9.35825],[78.66299,9.27749],[78.65626,9.24179],[78.57738,9.21526],[78.41983,9.2008],[78.19379,9.02361],[78.15696,8.88328],[78.18595,8.85066],[78.19804,8.87385],[78.19408,8.84196]]]}},{"type":"Feature","properties":{"source":"STATE_BOUNDARY","record":39,"part":44},"geometry":{"type":"Polygon","coordinates":[[[79.69093,12.09899],[79.65681,12.05819],[79.71944,12.05902],[79.69093,12.09899]]]}},{"type":"Feature","properties":{"source":"STATE_BOUNDARY","record":39,"part":46},"geometry":{"type":"Polygon","coordinates":[[[79.63816,12.05302],[79.65078,12.08843],[79.62794,12.09882],[79.61694,12.05637],[79.63186,11.96861],[79.67049,11.99874],[79.63816,12.05302]]]}},{"type":"Feature","properties":{"source":"STATE_BOUNDARY","record":39,"part":48},"geometry":{"type":"Polygon","coordinates":[[[79.61688,11.95087],[79.60175,11.92547],[79.66322,11.92884],[79.61688,11.95087]]]}},{"type":"Feature","properties":{"source":"STATE_BOUNDARY","record":40,"part":11},"geometry":{"type":"Polygon","coordinates":[[[84.68079,19.19159],[84.76453,19.10481],[84.55443,18.81777],[84.35753,18.5835],[84.15332,18.40684],[84.12951,18.3433],[83.86286,18.20499],[83.79741,18.19914],[83.57166,18.04342],[83.21437,17.62473],[82.59791,17.31853],[82.32079,17.09487],[82.24287,16.94591],[82.2505,16.91405],[82.35637,16.88944],[82.35922,16.98766],[82.32687,17.02366],[82.36118,16.99591],[82.32916,16.72416],[82.36684,16.74568],[82.31876,16.70154],[82.32035,16.61659],[82.31429,16.70725],[82.31361,16.66655],[82.28571,16.66551],[82.30029,16.62615],[82.26452,16.60286],[82.31514,16.5986],[81.72188,16.34818],[81.48819,16.39611],[81.30618,16.34487],[81.21453,16.24911],[81.14877,16.01694],[81.00541,15.88183],[81.0091,15.79745],[80.93781,15.75915],[80.82204,15.75411],[80.78012,15.87934],[80.80142,15.85],[80.80753,15.88446],[80.68104,15.92915],[80.42883,15.8489],[80.28434,15.73267],[80.22077,15.64633],[80.20509,15.52003],[80.08479,15.33058],[80.04701,15.12862],[80.09779,14.82974],[80.19564,14.63716],[80.12649,14.21814],[80.25325,13.84198],[80.2338,13.71526],[80.26871,13.62191],[80.24196,13.52858],[80.1393,13.56201],[80.07824,13.54664],[80.08131,13.60721],[79.9986,13.60023],[80.04665,13.55148],[79.9724,13.52703],[79.93307,13.41056],[79.7916,13.35251],[79.76012,13.37705],[79.73048,13.34192],[79.79436,13.28571],[79.75484,13.26599],[79.68408,13.30371],[79.68241,13.3548],[79.579,13.31699],[79.53431,13.33449],[79.53702,13.39737],[79.43508,13.41035],[79.3815,13.36639],[79.44508,13.36019],[79.40805,13.32443],[79.45295,13.2978],[79.43808,13.24779],[79.37364,13.24887],[79.36011,13.18354],[79.30676,13.16563],[79.23445,13.23056],[79.20954,13.20831],[79.23395,13.16534],[79.18015,13.14448],[79.19249,13.10716],[79.1626,13.08089],[79.08033,13.08631],[78.99438,13.14683],[78.92327,13.14107],[78.90299,13.10816],[78.93645,13.09098],[78.89095,13.0936],[78.89089,13.15725],[78.71372,13.12901],[78.70447,13.07589],[78.65538,13.09172],[78.62004,13.05203],[78.65618,12.99325],[78.63259,12.99289],[78.59165,12.84472],[78.55473,12.81799],[78.55498,12.76269],[78.49223,12.8094],[78.51909,12.77448],[78.46695,12.73857],[78.46402,12.68702],[78.37841,12.688],[78.27108,12.76718],[78.1982,12.75794],[78.23991,12.7923],[78.25111,12.92212],[78.3114,12.9201],[78.35307,13.00079],[78.38769,12.96815],[78.44461,12.97306],[78.46382,12.9283],[78.46574,12.96671],[78.41017,13.00633],[78.43436,13.04189],[78.46651,13.03591],[78.46124,13.10369],[78.5376,13.16584],[78.51612,13.19154],[78.57888,13.2271],[78.54916,13.25972],[78.57782,13.27246],[78.58648,13.3397],[78.56465,13.37088],[78.53126,13.32608],[78.48246,13.37999],[78.37614,13.39073],[78.40769,13.40157],[78.36406,13.42038],[78.401,13.6452],[78.23524,13.65575],[78.19184,13.62221],[78.20307,13.68541],[78.16643,13.71265],[78.08591,13.69997],[78.06451,13.73284],[78.11963,13.77209],[78.09033,13.79859],[78.12545,13.84316],[78.1136,13.91848],[78.04764,13.95149],[78.04497,13.91773],[77.99923,13.92846],[77.9517,13.88316],[77.98627,14.01054],[77.92547,13.96067],[77.89438,13.99617],[77.82523,13.99983],[77.83572,13.92529],[77.71788,13.85624],[77.71594,13.79739],[77.65002,13.84019],[77.6162,13.81886],[77.6291,13.79226],[77.59847,13.80702],[77.5594,13.77877],[77.52402,13.80955],[77.52679,13.74961],[77.48347,13.77125],[77.49055,13.74643],[77.45374,13.73892],[77.46301,13.86201],[77.42096,13.85506],[77.43091,13.89892],[77.32371,13.889],[77.30981,13.92215],[77.25498,13.90221],[77.23389,13.95948],[77.19868,13.91863],[77.18295,13.98041],[77.16681,13.92007],[77.1264,13.91208],[77.16691,13.88541],[77.17128,13.8182],[77.06287,13.80013],[77.02261,13.83531],[77.01464,13.79483],[76.99499,13.80402],[76.97613,13.88267],[77.03981,13.9886],[76.92921,14.0848],[76.97568,14.12564],[76.92305,14.19107],[76.88396,14.19219],[76.89259,14.22159],[76.94565,14.25178],[77.02146,14.23042],[77.02582,14.11616],[77.1256,14.10151],[77.14744,14.05593],[77.32055,14.08459],[77.36964,14.00781],[77.34618,13.97124],[77.39711,13.94357],[77.43344,13.97029],[77.41047,14.00066],[77.43628,14.03045],[77.38,14.03115],[77.38852,14.07138],[77.33063,14.08528],[77.39929,14.17279],[77.3458,14.1578],[77.35006,14.18511],[77.39209,14.22799],[77.50194,14.21097],[77.51547,14.23651],[77.49671,14.33198],[77.44868,14.33383],[77.40482,14.39053],[77.37539,14.36056],[77.41607,14.27929],[77.39096,14.25245],[77.36217,14.32897],[77.28183,14.33584],[77.28486,14.39287],[77.23647,14.37026],[77.13711,14.39274],[77.09899,14.27063],[76.93814,14.29794],[76.92297,14.32694],[76.95482,14.34738],[76.88269,14.40026],[76.88286,14.44814],[76.91389,14.47298],[76.9408,14.45175],[76.97291,14.53724],[76.866,14.52601],[76.76296,14.65334],[76.80093,14.79228],[76.78066,14.83608],[76.852,14.85945],[76.86765,14.98696],[76.86549,15.01889],[76.7645,15.02465],[76.77466,15.12683],[76.83402,15.12766],[76.8752,15.07892],[77.0477,15.08177],[77.04226,15.05867],[77.08061,15.05493],[77.16735,15.21924],[77.12331,15.2745],[77.16514,15.31591],[77.11656,15.34202],[77.11128,15.38062],[77.06188,15.37499],[77.03166,15.47925],[76.97193,15.5455],[77.02816,15.54861],[77.02856,15.67968],[77.08135,15.70419],[77.1196,15.6763],[77.12707,15.71088],[77.04408,15.78493],[77.06335,15.87226],[77.0233,15.88152],[77.0729,15.9556],[77.24712,16.00784],[77.80221,15.91827],[77.88672,15.95003],[78.00768,15.90596],[78.03072,15.95129],[78.08241,15.88525],[78.13289,15.88061],[78.17426,15.9023],[78.18335,15.95374],[78.25058,15.979],[78.25983,16.06907],[78.31126,16.05485],[78.40694,16.11778],[78.5509,16.08596],[78.62642,16.13053],[78.73474,16.05151],[78.78242,16.06358],[78.83706,16.11485],[78.83315,16.18704],[78.87148,16.18654],[78.89494,16.12849],[78.92138,16.14711],[78.90475,16.22593],[79.00892,16.28223],[79.15644,16.25148],[79.21608,16.26949],[79.21436,16.52849],[79.25639,16.60595],[79.41829,16.62029],[79.44684,16.65953],[79.72273,16.72969],[79.77386,16.76996],[79.81715,16.73127],[79.87746,16.73667],[79.91005,16.67366],[79.96305,16.68322],[80.07064,16.84046],[80.04687,16.89182],[79.99876,16.90362],[80.01739,16.9531],[80.05547,17.00894],[80.14033,17.028],[80.19658,17.08114],[80.21156,17.04785],[80.29377,17.03399],[80.3219,16.91767],[80.38066,16.85613],[80.40804,16.88673],[80.38437,16.90337],[80.46475,16.83397],[80.5706,16.80669],[80.61336,16.83207],[80.56318,16.87143],[80.60243,16.95652],[80.53502,16.99927],[80.49374,16.96548],[80.36364,17.01356],[80.40729,17.05306],[80.38596,17.10517],[80.40929,17.12833],[80.46514,17.06749],[80.51439,17.15899],[80.58037,17.18983],[80.67098,17.13797],[80.6542,17.10585],[80.73935,17.11649],[80.84585,17.0771],[80.87772,17.10739],[80.88,17.19727],[80.92458,17.1943],[80.91946,17.25584],[81.03193,17.2266],[81.05528,17.26095],[81.17473,17.26638],[81.19117,17.36033],[81.27484,17.35275],[81.32349,17.40978],[81.31322,17.44376],[81.14899,17.49838],[81.128,17.56079],[81.09826,17.53875],[81.01547,17.55652],[80.96993,17.63234],[81.0059,17.68244],[80.88064,17.68164],[80.88611,17.76887],[80.92844,17.79482],[80.97404,17.81306],[81.05884,17.76629],[81.10497,17.80499],[81.09467,17.84205],[81.16688,17.89011],[81.39274,17.82704],[81.39744,17.85295],[81.47486,17.87058],[81.491,17.84545],[81.61758,17.85478],[81.6708,17.91889],[81.72672,17.91125],[81.81105,17.98296],[81.96422,18.03096],[82.03363,18.10063],[82.17023,18.08336],[82.18921,18.04635],[82.26703,18.03034],[82.27407,18.0886],[82.34538,18.08937],[82.34029,18.1778],[82.37384,18.17904],[82.31232,18.23466],[82.34617,18.31068],[82.39387,18.32799],[82.39049,18.35837],[82.33972,18.35659],[82.38708,18.39715],[82.36573,18.45089],[82.48435,18.57736],[82.53379,18.53984],[82.52104,18.4947],[82.56304,18.47769],[82.53716,18.4356],[82.62291,18.3894],[82.58296,18.34511],[82.63937,18.26708],[82.64435,18.33204],[82.77587,18.37011],[82.80494,18.47844],[82.89686,18.45343],[82.89605,18.41113],[82.94161,18.3905],[83.05645,18.40956],[83.06928,18.45939],[83.02289,18.48539],[83.09703,18.57529],[83.04731,18.57284],[83.05475,18.62903],[83.0024,18.63629],[83.01507,18.67415],[83.05999,18.6933],[83.14105,18.81269],[83.21452,18.75811],[83.22668,18.80247],[83.27346,18.79207],[83.28645,18.82513],[83.40807,18.86952],[83.41695,18.90179],[83.35559,18.95712],[83.38956,18.95949],[83.3569,18.99361],[83.35059,18.95283],[83.32864,18.95849],[83.31278,19.02482],[83.40266,19.03548],[83.46406,18.98117],[83.47021,19.11874],[83.51398,19.09606],[83.50319,19.04668],[83.53898,19.03558],[83.55133,19.10621],[83.58676,19.08338],[83.62837,19.18791],[83.70252,19.05144],[83.73242,19.04797],[83.71187,19.02876],[83.75628,18.95168],[83.79033,18.94246],[83.74727,19.01418],[83.79713,19.04401],[83.89567,18.84163],[84.04108,18.84357],[84.09209,18.78425],[84.34734,18.82902],[84.36666,18.86414],[84.33332,18.90998],[84.37704,18.88828],[84.36307,18.92126],[84.39496,18.9031],[84.38175,18.93087],[84.44088,18.94702],[84.42707,18.97367],[84.45529,19.00223],[84.42393,19.04799],[84.48178,19.01465],[84.57581,19.09944],[84.60387,19.05077],[84.62129,19.09163],[84.67386,19.10203],[84.62848,19.11057],[84.59849,19.15784],[84.67033,19.15526],[84.68079,19.19159]]]}},{"type":"Feature","properties":{"source":"STATE_BOUNDARY","record":40,"part":14},"geometry":{"type":"Polygon","coordinates":[[[82.22741,16.79708],[82.19474,16.76056],[82.26818,16.73368],[82.31187,16.75765],[82.30697,16.78691],[82.21901,16.7717],[82.22741,16.79708]]]}}]}